"impact_region_id","baseline_forest_area","total_impact_region_area"
"ABW_IR1",2.993,4.591
"ABW_IR2",2.055,4.13
"ABW_IR3",1.989,3.136
"AFG_IR1",4.275,9.817
"AFG_IR2",8.179,14.341
"AFG_IR3",9.701,15.58
"AGO_IR1",5.317,13.106
"AGO_IR2",5.47,9.723
"AGO_IR3",8.744,20.925
"ALB_IR1",1.549,2.818
"ALB_IR2",2.262,4.947
"ALB_IR3",4.179,6.33
"ALB_IR4",8.106,14.348
"ARE_IR1",3.906,5.913
"ARE_IR2",1.227,1.999
"ARE_IR3",7.41,18.478
"ARE_IR4",1.477,3.226
"ARG_IR1",6.32,13.7
"ARG_IR2",9.884,19.361
"ARM_IR1",8.626,19.192
"ARM_IR2",8.966,15.414
"ARM_IR3",2.453,4.741
"AUS_IR1",7.118,14.083
"AUS_IR2",1.73,3.803
"AUS_IR3",3.202,6.079
"AUS_IR4",1.399,3.144
