"impact_region_id","beta_delta_gmst","beta_delta_gmst_squared","intercept","delta_gmst_fit_min","delta_gmst_fit_max"
"ABW_IR1",-3.393,-0.19,0.0,-1.0,5.0
"ABW_IR2",-3.246,-0.013,0.0,-1.0,5.0
"ABW_IR3",-3.0,-0.109,0.0,-1.0,5.0
"AFG_IR1",-2.2,-0.093,0.0,-1.0,5.0
"AFG_IR2",-2.397,-0.068,0.0,-1.0,5.0
"AFG_IR3",-3.005,-0.123,0.0,-1.0,5.0
"AGO_IR1",-2.682,-0.128,0.0,-1.0,5.0
"AGO_IR2",-2.294,-0.172,0.0,-1.0,5.0
"AGO_IR3",-3.401,-0.119,0.0,-1.0,5.0
"ALB_IR1",-2.549,-0.139,0.0,-1.0,5.0
"ALB_IR2",-2.854,-0.13,0.0,-1.0,5.0
"ALB_IR3",-2.017,-0.155,0.0,-1.0,5.0
"ALB_IR4",-2.219,-0.164,0.0,-1.0,5.0
"ARE_IR1",-2.254,-0.01,0.0,-1.0,5.0
"ARE_IR2",-3.403,-0.141,0.0,-1.0,5.0
"ARE_IR3",-2.118,-0.129,0.0,-1.0,5.0
"ARE_IR4",-2.185,-0.061,0.0,-1.0,5.0
"ARG_IR1",-2.242,-0.174,0.0,-1.0,5.0
"ARG_IR2",-3.126,-0.011,0.0,-1.0,5.0
"ARM_IR1",-2.361,-0.025,0.0,-1.0,5.0
"ARM_IR2",-3.255,-0.115,0.0,-1.0,5.0
"ARM_IR3",-2.576,-0.181,0.0,-1.0,5.0
"AUS_IR1",-3.406,-0.047,0.0,-1.0,5.0
"AUS_IR2",-2.242,-0.112,0.0,-1.0,5.0
"AUS_IR3",-2.791,-0.015,0.0,-1.0,5.0
"AUS_IR4",-2.694,-0.139,0.0,-1.0,5.0
