"impact_region_id","give_country_id","gdp_share"
"ABW_IR1","ABW",0.589878
"ABW_IR2","ABW",0.049048
"ABW_IR3","ABW",0.361074
"AFG_IR1","AFG",0.227572
"AFG_IR2","AFG",0.186598
"AFG_IR3","AFG",0.58583
"AGO_IR1","AGO",0.034564
"AGO_IR2","AGO",0.878476
"AGO_IR3","AGO",0.08696
"ALB_IR1","ALB",0.111878
"ALB_IR2","ALB",0.238224
"ALB_IR3","ALB",0.174169
"ALB_IR4","ALB",0.475729
"ARE_IR1","ARE",0.260174
"ARE_IR2","ARE",0.295573
"ARE_IR3","ARE",0.103042
"ARE_IR4","ARE",0.341212
"ARG_IR1","ARG",0.45607
"ARG_IR2","ARG",0.54393
"ARM_IR1","ARM",0.417973
"ARM_IR2","ARM",0.485209
"ARM_IR3","ARM",0.096818
"AUS_IR1","AUS",0.002773
"AUS_IR2","AUS",0.313882
"AUS_IR3","AUS",0.214956
"AUS_IR4","AUS",0.468389
