"impact_region_id","give_country_id","country_name"
"ABW_IR1","ABW","ABW"
"ABW_IR2","ABW","ABW"
"ABW_IR3","ABW","ABW"
"AFG_IR1","AFG","AFG"
"AFG_IR2","AFG","AFG"
"AFG_IR3","AFG","AFG"
"AGO_IR1","AGO","AGO"
"AGO_IR2","AGO","AGO"
"AGO_IR3","AGO","AGO"
"ALB_IR1","ALB","ALB"
"ALB_IR2","ALB","ALB"
"ALB_IR3","ALB","ALB"
"ALB_IR4","ALB","ALB"
"ARE_IR1","ARE","ARE"
"ARE_IR2","ARE","ARE"
"ARE_IR3","ARE","ARE"
"ARE_IR4","ARE","ARE"
"ARG_IR1","ARG","ARG"
"ARG_IR2","ARG","ARG"
"ARM_IR1","ARM","ARM"
"ARM_IR2","ARM","ARM"
"ARM_IR3","ARM","ARM"
"AUS_IR1","AUS","AUS"
"AUS_IR2","AUS","AUS"
"AUS_IR3","AUS","AUS"
"AUS_IR4","AUS","AUS"
