"impact_region_id","give_country_id","population_share"
"ABW_IR1","ABW",0.293497
"ABW_IR2","ABW",0.188071
"ABW_IR3","ABW",0.518432
"AFG_IR1","AFG",0.275644
"AFG_IR2","AFG",0.186781
"AFG_IR3","AFG",0.537575
"AGO_IR1","AGO",0.145812
"AGO_IR2","AGO",0.131912
"AGO_IR3","AGO",0.722276
"ALB_IR1","ALB",0.445357
"ALB_IR2","ALB",0.275954
"ALB_IR3","ALB",0.027906
"ALB_IR4","ALB",0.250783
"ARE_IR1","ARE",0.266548
"ARE_IR2","ARE",0.037403
"ARE_IR3","ARE",0.319474
"ARE_IR4","ARE",0.376575
"ARG_IR1","ARG",0.464552
"ARG_IR2","ARG",0.535448
"ARM_IR1","ARM",0.356375
"ARM_IR2","ARM",0.283038
"ARM_IR3","ARM",0.360587
"AUS_IR1","AUS",0.152868
"AUS_IR2","AUS",0.4002
"AUS_IR3","AUS",0.350451
"AUS_IR4","AUS",0.096481
