"year","gmst","gmst_2022","delta_gmst","delta_gmst_squared"
2020,1.6629681381595056,1.7192330454521167,0.0,0.0
2021,1.690302553261804,1.7192330454521167,0.0,0.0
2022,1.7192330454521167,1.7192330454521167,0.0,0.0
2023,1.748582158681863,1.7192330454521167,0.029349113229746315,0.0008613704473724702
2024,1.7765708654240606,1.7192330454521167,0.05733781997194387,0.0032876255991350456
2025,1.8010371781451286,1.7192330454521167,0.0818041326930119,0.006691916125655898
2026,1.8209857976612123,1.7192330454521167,0.10175275220909552,0.010353622582125594
2027,1.8372307919060824,1.7192330454521167,0.11799774645396566,0.013923468168214366
2028,1.8514146894026389,1.7192330454521167,0.13218164395052212,0.0174719869974626
2029,1.864387219670345,1.7192330454521167,0.1451541742182283,0.021069734292975772
2030,1.8772797999612878,1.7192330454521167,0.15804675450917105,0.02497877661088218
2031,1.8914502306668184,1.7192330454521167,0.17221718521470164,0.02965875888327485
2032,1.907376437589915,1.7192330454521167,0.18814339213779818,0.0353979360051173
2033,1.9262477532994275,1.7192330454521167,0.2070147078473108,0.04285508926510744
2034,1.9492656037809908,1.7192330454521167,0.23003255832887404,0.052914977891326834
2035,1.9743814269164095,1.7192330454521167,0.25514838146429275,0.06510069656384825
2036,2.0000140152113848,1.7192330454521167,0.28078096975926803,0.07883795297895499
2037,2.0247126820726167,1.7192330454521167,0.30547963662049993,0.09331780838979269
2038,2.0477880651754163,1.7192330454521167,0.3285550197232996,0.10794840098537778
2039,2.0690654839665052,1.7192330454521167,0.3498324385143885,0.12238273503692342
2040,2.0877469990941284,1.7192330454521167,0.36851395364201167,0.13580253402886672
2041,2.104633908423362,1.7192330454521167,0.3854008629712453,0.14853382517898062
2042,2.1210788078160507,1.7192330454521167,0.401845762363934,0.1614800167298513
2043,2.1383414212175462,1.7192330454521167,0.4191083757654295,0.17565183063673642
2044,2.157151868074143,1.7192330454521167,0.4379188226220263,0.19177289520666174
2045,2.1789470050940802,1.7192330454521167,0.4597139596419635,0.21133692468969284
2046,2.2035892383753533,1.7192330454521167,0.4843561929232365,0.2346009216230915
2047,2.2299656887520602,1.7192330454521167,0.5107326432999435,0.2608478329321473
2048,2.25640865489944,1.7192330454521167,0.5371756094473232,0.28855763538510315
2049,2.2801855740904218,1.7192330454521167,0.560952528638305,0.3146677393857084
2050,2.299883175960586,1.7192330454521167,0.5806501305084693,0.3371545740595024
2051,2.316643432743382,1.7192330454521167,0.5974103872912653,0.3568991708434996
2052,2.3319876113589815,1.7192330454521167,0.6127545659068647,0.37546815803971023
2053,2.3465013370005128,1.7192330454521167,0.627268291548396,0.39346550958204357
2054,2.361413301914134,1.7192330454521167,0.6421802564620172,0.4123954817896221
2055,2.3783161414339693,1.7192330454521167,0.6590830959818526,0.43439052740902384
2056,2.3978525687069743,1.7192330454521167,0.6786195232548575,0.46052445734265013
2057,2.4182313526358516,1.7192330454521167,0.6989983071837349,0.488598633445727
2058,2.438115310361238,1.7192330454521167,0.7188822649091211,0.5167917108008677
2059,2.4576950873116044,1.7192330454521167,0.7384620418594876,0.5453261872672837
2060,2.4755537518199744,1.7192330454521167,0.7563207063678576,0.5720210108807752
2061,2.4908679146830957,1.7192330454521167,0.7716348692309789,0.5954203714131099
2062,2.504461564463443,1.7192330454521167,0.7852285190113264,0.616583827068721
2063,2.5174032438159966,1.7192330454521167,0.7981701983638798,0.6370756655562353
2064,2.5304920729625886,1.7192330454521167,0.8112590275104719,0.6581412097172366
2065,2.5443018284980683,1.7192330454521167,0.8250687830459515,0.6807384967569274
2066,2.560312025562618,1.7192330454521167,0.8410789801105012,0.7074138507837209
2067,2.5789697869132313,1.7192330454521167,0.8597367414611146,0.7391472646181754
2068,2.5988499037683708,1.7192330454521167,0.879616858316254,0.7737258174341569
2069,2.6179347862435964,1.7192330454521167,0.8987017407914797,0.807664818901636
2070,2.634770568226837,1.7192330454521167,0.9155375227747204,0.8382089556084718
2071,2.6489265938480933,1.7192330454521167,0.9296935483959765,0.8643300939291019
2072,2.6612576356781634,1.7192330454521167,0.9420245902260467,0.8874103285905511
2073,2.672852086139781,1.7192330454521167,0.9536190406876641,0.9093892747620608
2074,2.683719579870891,1.7192330454521167,0.9644865344187741,0.9302342750751371
2075,2.694132945572397,1.7192330454521167,0.9748999001202803,0.9504298152545324
2076,2.7044653657401625,1.7192330454521167,0.9852323202880457,0.9706827249401664
2077,2.7152746595458765,1.7192330454521167,0.9960416140937598,0.9920988970065023
2078,2.7275957947507212,1.7192330454521167,1.0083627492986045,1.0167954341730403
2079,2.741686548702914,1.7192330454521167,1.022453503250797,1.0454111663098278
2080,2.7568213123297034,1.7192330454521167,1.0375882668775867,1.076589411562034
2081,2.7717847043443644,1.7192330454521167,1.0525516588922477,1.1078649946368224
2082,2.7858234456699242,1.7192330454521167,1.0665904002178075,1.1376150818367827
2083,2.7981701527454663,1.7192330454521167,1.0789371072933496,1.164105281494541
2084,2.808865114328382,1.7192330454521167,1.089632068876265,1.1872980455235698
2085,2.817753311027897,1.7192330454521167,1.0985202655757802,1.2067467738806827
2086,2.8249233863531096,1.7192330454521167,1.1056903409009928,1.2225511299617537
2087,2.83179092021402,1.7192330454521167,1.1125578747619032,1.2377850246947226
2088,2.8390543615837047,1.7192330454521167,1.119821316131588,1.2539997800626819
2089,2.8475174443972264,1.7192330454521167,1.1282843989451097,1.2730256849029273
2090,2.8582208890593557,1.7192330454521167,1.138987843607239,1.2972933078850681
2091,2.8707139179683523,1.7192330454521167,1.1514808725162355,1.3259081997707511
2092,2.8844616755001757,1.7192330454521167,1.165228630048059,1.3577577602836763
2093,2.8973377338008937,1.7192330454521167,1.178104688348777,1.3879306567093688
2094,2.906915393332316,1.7192330454521167,1.1876823478801994,1.410589359466223
2095,2.913555416419345,1.7192330454521167,1.1943223709672282,1.4264059257927812
2096,2.9179351831757887,1.7192330454521167,1.198702137723672,1.436886814983301
2097,2.9211178059670857,1.7192330454521167,1.201884760514969,1.4445269775581242
2098,2.9240481820934376,1.7192330454521167,1.204815136641321,1.4515795134800447
2099,2.9276544686551924,1.7192330454521167,1.2084214232030757,1.460282336056147
2100,2.9332561508627424,1.7192330454521167,1.2140231054106256,1.4738521004708591
2101,2.941241909342312,1.7192330454521167,1.2220088638901951,1.4933056634262054
2102,2.949733800247279,1.7192330454521167,1.230500754795162,1.5141321075514635
2103,2.9572184516944917,1.7192330454521167,1.237985406242375,1.5326078660690983
2104,2.96337713367622,1.7192330454521167,1.244144088224103,1.5478945122629848
2105,2.9674198917192265,1.7192330454521167,1.2481868462671097,1.5579704031942334
2106,2.969813005835751,1.7192330454521167,1.250579960383634,1.5639502373131318
2107,2.9715201782591842,1.7192330454521167,1.2522871328070675,1.5682230629941458
2108,2.9733057965642917,1.7192330454521167,1.254072751112175,1.5726984650820592
2109,2.976030350438326,1.7192330454521167,1.2567973049862093,1.5795394658205988
2110,2.9806713451786297,1.7192330454521167,1.261438299726513,1.591226584016916
2111,2.9888060850852813,1.7192330454521167,1.2695730396331646,1.6118157029633928
2112,2.9985015314680368,1.7192330454521167,1.27926848601592,1.6365278593134642
2113,3.007301091133632,1.7192330454521167,1.2880680456815154,1.6591192903057985
2114,3.013893822261163,1.7192330454521167,1.2946607768090463,1.6761465270078033
2115,3.0183420026425436,1.7192330454521167,1.2991089571904268,1.6876840826523982
2116,3.021253430507731,1.7192330454521167,1.3020203850556142,1.69525708310037
2117,3.022820720083589,1.7192330454521167,1.3035876746314723,1.6993408254510893
2118,3.0240849552679574,1.7192330454521167,1.3048519098158406,1.7026385065500467
2119,3.0257297053044674,1.7192330454521167,1.3064966598523506,1.7069335222053488
2120,3.029145268635529,1.7192330454521167,1.3099122231834124,1.71587003244531
2121,3.0355609623265156,1.7192330454521167,1.3163279168743989,1.7327191847428944
2122,3.0449842174712343,1.7192330454521167,1.3257511720191175,1.7576161701100637
2123,3.053945608248614,1.7192330454521167,1.334712562796497,1.781457625286793
2124,3.061181047114268,1.7192330454521167,1.3419480016621512,1.800824439165041
2125,3.0665235242369278,1.7192330454521167,1.347290478784811,1.8151916342242054
2126,3.0689668702714803,1.7192330454521167,1.3497338248193635,1.8217813978615083
2127,3.0699779235553883,1.7192330454521167,1.3507448781032716,1.824511725722222
2128,3.070595640545129,1.7192330454521167,1.3513625950930122,1.8261808634165204
2129,3.0717046985516756,1.7192330454521167,1.3524716530995589,1.8291795724378535
2130,3.074801041963839,1.7192330454521167,1.3555679965117222,1.8375645931668045
2131,3.0821142118286593,1.7192330454521167,1.3628811663765426,1.857445073663885
2132,3.0918984150590485,1.7192330454521167,1.3726653696069318,1.8842102169181345
2133,3.101439431965602,1.7192330454521167,1.3822063865134853,1.9104944949186662
2134,3.109374256708117,1.7192330454521167,1.390141211256,1.932492587232299
2135,3.1141975869446115,1.7192330454521167,1.3949645414924947,1.945926072021366
2136,3.115874679333878,1.7192330454521167,1.396641633881761,1.9506078534919151
2137,3.1160364519464405,1.7192330454521167,1.3968034064943238,1.9510597563941472
2138,3.1161232637053353,1.7192330454521167,1.3968902182532186,1.9513022818515247
2139,3.116423797597856,1.7192330454521167,1.3971907521457392,1.9521419978815764
2140,3.1175649383207595,1.7192330454521167,1.3983318928686428,1.9553320826136016
2141,3.120723274987822,1.7192330454521167,1.4014902295357055,1.9641748634840444
2142,3.126361596697655,1.7192330454521167,1.4071285512455383,1.9800107597303673
2143,3.132906696172374,1.7192330454521167,1.4136736507202574,1.9984731907407403
2144,3.1392967258357283,1.7192330454521167,1.4200636803836115,2.016580856344648
2145,3.1451902642059704,1.7192330454521167,1.4259572187538536,2.0333539897162254
2146,3.149429455739364,1.7192330454521167,1.4301964102872473,2.045461771998528
2147,3.152529047759898,1.7192330454521167,1.4332960023077814,2.0543374302314676
2148,3.1550053628568904,1.7192330454521167,1.4357723174047736,2.061442147425874
2149,3.1567798948887926,1.7192330454521167,1.4375468494366759,2.066540944325313
2150,3.1585019715042835,1.7192330454521167,1.4392689260521667,2.0714950414993574
2151,3.1605685645777424,1.7192330454521167,1.4413355191256256,2.077448078693137
2152,3.164079864639481,1.7192330454521167,1.4448468191873642,2.087582330915844
2153,3.1705650785849344,1.7192330454521167,1.4513320331328177,2.106364670397438
2154,3.1797516417997684,1.7192330454521167,1.4605185963476517,2.1331145702773147
2155,3.1890370198625524,1.7192330454521167,1.4698039744104356,2.1603237231927124
2156,3.196732223233814,1.7192330454521167,1.4774991777816973,2.1830038203455913
2157,3.2023291631690434,1.7192330454521167,1.4830961177169266,2.1995740943870197
2158,3.205275255163081,1.7192330454521167,1.4860422097109645,2.208321449042646
2159,3.2060097684457856,1.7192330454521167,1.4867767229936688,2.2105050240357924
2160,3.205739541684226,1.7192330454521167,1.486506496232109,2.2097015633402615
2161,3.2058062569966483,1.7192330454521167,1.4865732115445316,2.2098999132818227
2162,3.2076765352488206,1.7192330454521167,1.4884434897967038,2.2154640223181903
2163,3.2128249199917773,1.7192330454521167,1.4935918745396606,2.230816687690897
2164,3.221389124869405,1.7192330454521167,1.5021560794172881,2.256472886930318
2165,3.229948710679307,1.7192330454521167,1.51071566522719,2.282261821162831
2166,3.2370289436049497,1.7192330454521167,1.517795898152833,2.303704388449565
2167,3.2415996933795683,1.7192330454521167,1.5223666479274516,2.3176002107218654
2168,3.242730143859192,1.7192330454521167,1.5234970984070753,2.3210434088547776
2169,3.2420654246777385,1.7192330454521167,1.5228323792256218,2.319018455217968
2170,3.240772118823322,1.7192330454521167,1.5215390733712053,2.3150811517953063
2171,3.2397692906603046,1.7192330454521167,1.5205362452081879,2.3120304729918146
2172,3.2400737149182284,1.7192330454521167,1.5208406694661116,2.3129563419021304
2173,3.2432180561042134,1.7192330454521167,1.5239850106520967,2.322530312692271
2174,3.2489111079422752,1.7192330454521167,1.5296780624901585,2.339914974863645
2175,3.2557872128313847,1.7192330454521167,1.536554167379268,2.3609987092905955
2176,3.2625964220660393,1.7192330454521167,1.5433633766139225,2.3819705122731283
2177,3.2675914929587533,1.7192330454521167,1.5483584475066365,2.3974138819651616
2178,3.2698925656028353,1.7192330454521167,1.5506595201507185,2.4045449474340566
2179,3.2702454784602946,1.7192330454521167,1.5510124330081778,2.4056395673459474
2180,3.2694696837609234,1.7192330454521167,1.5502366383088066,2.4032336347549896
2181,3.268078354480533,1.7192330454521167,1.5488453090284162,2.39892179129933
2182,3.2665818070402,1.7192330454521167,1.5473487615880832,2.394288189988175
2183,3.265325956680469,1.7192330454521167,1.5460929112283521,2.390403290150561
2184,3.264895542461171,1.7192330454521167,1.5456624970090544,2.3890725546602654
2185,3.26603895808464,1.7192330454521167,1.5468059126325233,2.3926085313549335
2186,3.2699906756582555,1.7192330454521167,1.5507576302061388,2.4048492276425595
2187,3.275538656012504,1.7192330454521167,1.5563056105603872,2.4220871534617396
2188,3.281121268357328,1.7192330454521167,1.5618882229052113,2.4394948208499994
2189,3.2867880871150486,1.7192330454521167,1.5675550416629318,2.457228808642876
2190,3.290710562535324,1.7192330454521167,1.5714775170832072,2.4695415866980017
2191,3.291897074892889,1.7192330454521167,1.572664029440772,2.4732721494968857
2192,3.2914828566056604,1.7192330454521167,1.5722498111535437,2.471969468672354
2193,3.2906526521452735,1.7192330454521167,1.5714196066931567,2.4693595802996753
2194,3.290070711504576,1.7192330454521167,1.5708376660524594,2.467530973089138
2195,3.290380434850543,1.7192330454521167,1.5711473893984262,2.46850411921349
2196,3.29310265808976,1.7192330454521167,1.5738696126376435,2.477065557584166
2197,3.2988684769793397,1.7192330454521167,1.579635431527223,2.495248096536196
2198,3.3063048916704045,1.7192330454521167,1.5870718462182878,2.5187970450587245
2199,3.312919342677629,1.7192330454521167,1.5936862972255121,2.539836013964363
2200,3.3171871844802023,1.7192330454521167,1.5979541390280856,2.5534574304369904
2201,3.318645868450593,1.7192330454521167,1.599412822998476,2.5581213783719545
2202,3.3181974965651873,1.7192330454521167,1.5989644511130705,2.5566873159233228
2203,3.317153709383645,1.7192330454521167,1.5979206639315282,2.553350448219376
2204,3.3154356352463634,1.7192330454521167,1.5962025897942467,2.54786270766586
2205,3.313390277312629,1.7192330454521167,1.5941572318605122,2.541337279893171
2206,3.311475904251169,1.7192330454521167,1.592242858799052,2.5352373213965778
2207,3.3102826432364747,1.7192330454521167,1.591049597784358,2.531438822609767
2208,3.310954524871085,1.7192330454521167,1.5917214794189682,2.5335772680437088
2209,3.3138136077391156,1.7192330454521167,1.5945805622869988,2.5426871696235214
2210,3.318185833955842,1.7192330454521167,1.5989527885037251,2.5566500198638384
2211,3.3226060924088436,1.7192330454521167,1.6033730469567269,2.5708051277072985
2212,3.3261462119585308,1.7192330454521167,1.606913166506414,2.5821699246916703
2213,3.3281256015032152,1.7192330454521167,1.6088925560510985,2.588535256916637
2214,3.3285691336999967,1.7192330454521167,1.60933608824788,2.589962644936988
2215,3.327354636109422,1.7192330454521167,1.6081215906573054,2.586055050338182
2216,3.324652420309623,1.7192330454521167,1.6054193748575063,2.5773713691678664
2217,3.321969531645503,1.7192330454521167,1.6027364861933862,2.5687642441755223
2218,3.320109419704164,1.7192330454521167,1.600876374252047,2.5628051656383803
2219,3.3199282183567096,1.7192330454521167,1.6006951729045928,2.5622250365600645
2220,3.3223902098903366,1.7192330454521167,1.6031571644382199,2.5701128938895934
2221,3.327011731537005,1.7192330454521167,1.6077786860848882,2.5849523034288495
2222,3.3334620072507963,1.7192330454521167,1.6142289617986796,2.6057351411096428
2223,3.339398525631477,1.7192330454521167,1.6201654801793604,2.6249361831648175
2224,3.342173348836206,1.7192330454521167,1.6229403033840892,2.6339352283484394
2225,3.342161081083357,1.7192330454521167,1.62292803563124,2.633895408837876
2226,3.339892644517833,1.7192330454521167,1.6206595990657164,2.6265375360438488
2227,3.3366279157728664,1.7192330454521167,1.6173948703207497,2.6159661665398746
2228,3.3332800602496495,1.7192330454521167,1.6140470147975328,2.605147765976827
2229,3.3308027473940722,1.7192330454521167,1.6115697019419555,2.5971569042172833
2230,3.330862960625427,1.7192330454521167,1.6116299151733102,2.597350983481531
2231,3.3331676228483387,1.7192330454521167,1.613934577396222,2.6047848201151216
2232,3.3360548426245082,1.7192330454521167,1.6168217971723915,2.614112723811762
2233,3.339040555769257,1.7192330454521167,1.6198075103171403,2.6237763704798125
2234,3.341172049702286,1.7192330454521167,1.6219390042501693,2.6306861335080307
2235,3.3415936615660575,1.7192330454521167,1.6223606161139408,2.6320539687176057
2236,3.340023506844357,1.7192330454521167,1.6207904613922404,2.626961719740071
2237,3.3370227187204096,1.7192330454521167,1.6177896732682928,2.6172434269335296
2238,3.333821373929439,1.7192330454521167,1.6145883284773221,2.606895470455193
2239,3.331042819004784,1.7192330454521167,1.6118097735526673,2.597930746119901
2240,3.3295951209053998,1.7192330454521167,1.610362075453283,2.593266014058205
2241,3.3307723779238207,1.7192330454521167,1.611539332471704,2.5970590201033454
2242,3.334735188079798,1.7192330454521167,1.6155021426276814,2.6098471728346295
2243,3.3393414147087634,1.7192330454521167,1.6201083692566467,2.624751128135431
2244,3.3427876628672832,1.7192330454521167,1.6235546174151665,2.6359295957301074
2245,3.3439976685066344,1.7192330454521167,1.6247646230545176,2.639860080329489
2246,3.3425582412314214,1.7192330454521167,1.6233251957793047,2.6351846912519177
2247,3.339705548357344,1.7192330454521167,1.6204725029052272,2.6259311326719312
2248,3.3360816366240975,1.7192330454521167,1.6168485911719808,2.614199366774819
2249,3.331885865067607,1.7192330454521167,1.6126528196154903,2.6006491166137913
2250,3.327639692373256,1.7192330454521167,1.6084066469211393,2.5869719418601025
2251,3.323701401372065,1.7192330454521167,1.6044683559199484,2.574318705148462
2252,3.320846971234972,1.7192330454521167,1.6016139257828552,2.5651671672615692
2253,3.320036326818686,1.7192330454521167,1.6008032813665691,2.5625711456339753
2254,3.321575695442453,1.7192330454521167,1.6023426499903364,2.5675019679780537
2255,3.3240105183212987,1.7192330454521167,1.604777472869182,2.575310737428398
2256,3.3262625914554027,1.7192330454521167,1.607029546003286,2.582543961727527
2257,3.327931845394726,1.7192330454521167,1.6086987999426094,2.5879118289367917
2258,3.328010220391018,1.7192330454521167,1.608777174938901,2.5881639986043914
2259,3.326550582968573,1.7192330454521167,1.6073175375164563,2.583469666407965
2260,3.3235761904994097,1.7192330454521167,1.604343145047293,2.5739169270602393
2261,3.3195243252820266,1.7192330454521167,1.6002912798299098,2.5609321802996505
2262,3.315833581322349,1.7192330454521167,1.5966005358702322,2.5491332711411125
2263,3.313198764151494,1.7192330454521167,1.5939657186993772,2.540726712388822
2264,3.3125324323645433,1.7192330454521167,1.5932993869124266,2.5386029363355145
2265,3.3147767777526136,1.7192330454521167,1.5955437323004968,2.5457598016833995
2266,3.319339538530929,1.7192330454521167,1.6001064930788123,2.560340789192975
2267,3.3252661822581384,1.7192330454521167,1.6060331368060217,2.5793424365189894
2268,3.3296960060576097,1.7192330454521167,1.610462960605493,2.59359094748221
2269,3.330972858412438,1.7192330454521167,1.6117398129603213,2.5977052246813717
2270,3.3297493536940053,1.7192330454521167,1.6105163082418885,2.5937627791130815
2271,3.326814196138723,1.7192330454521167,1.6075811506866065,2.5843171560428737
2272,3.323081846790585,1.7192330454521167,1.6038488013384682,2.572330977554841
2273,3.3195248350189033,1.7192330454521167,1.6002917895667865,2.560933811754868
2274,3.3177260056064153,1.7192330454521167,1.5984929601542985,2.555179743662852
2275,3.3185583771560245,1.7192330454521167,1.5993253317039078,2.5578415166298147
2276,3.3214527625446104,1.7192330454521167,1.6022197170924937,2.5671080218399505
2277,3.3246342258105757,1.7192330454521167,1.605401180358459,2.577312949896333
2278,3.326953812642662,1.7192330454521167,1.6077207671905454,2.5847660652557556
2279,3.3279232481014422,1.7192330454521167,1.6086902026493255,2.587884168099928
2280,3.3267994315006657,1.7192330454521167,1.607566386048549,2.5842696855531924
2281,3.3241408736342875,1.7192330454521167,1.6049078281821707,2.575729136960412
2282,3.32127708533809,1.7192330454521167,1.6020440398859734,2.5665451057341704
2283,3.318767290967132,1.7192330454521167,1.5995342455150152,2.558509802575289
2284,3.31743168009179,1.7192330454521167,1.5981986346396733,2.5542388757641157
2285,3.318674502484163,1.7192330454521167,1.599441457032046,2.5582129744727946
2286,3.322880882604104,1.7192330454521167,1.6036478371519873,2.5716863856022467
2287,3.328346184216545,1.7192330454521167,1.6091131387644282,2.58924509334431
2288,3.333148477572271,1.7192330454521167,1.6139154321201543,2.6047230220355844
2289,3.3350232855191866,1.7192330454521167,1.6157902400670698,2.6107780998959993
2290,3.3343797430766973,1.7192330454521167,1.6151466976245805,2.6086988548475882
2291,3.3325509615127724,1.7192330454521167,1.6133179160606557,2.6027946982822967
2292,3.32942915244135,1.7192330454521167,1.6101961069892332,2.5927315029632823
2293,3.3258271881705035,1.7192330454521167,1.6065941427183867,2.581144739417028
2294,3.323058046862371,1.7192330454521167,1.6038250014102542,2.5722546351486018
2295,3.32282376688468,1.7192330454521167,1.603590721432563,2.571503201864608
2296,3.3254097179823137,1.7192330454521167,1.606176672530197,2.5798035033801754
2297,3.330135158297838,1.7192330454521167,1.610902112845721,2.5950056171708082
2298,3.33524101533985,1.7192330454521167,1.6160079698877334,2.6114817587406733
2299,3.3382704715447913,1.7192330454521167,1.6190374260926745,2.6212821870887923
2300,3.3386648081544505,1.7192330454521167,1.6194317627023338,2.622559234049188
