"year","es_value_reference_global","es_value_climate_global","es_damage_global"
2020,200298.71298174316,200298.71298174316,0.0
2021,209878.95832509195,209878.95832509195,0.0
2022,219617.06129555078,219617.06129555078,0.0
2023,229513.02182493111,229323.42915881035,189.59266612076317
2024,239566.83994436386,239179.94150396492,386.89844039894524
2025,249778.51565849205,249202.63613178028,575.8795267117675
2026,260591.03203799704,259843.29847702934,747.7335609676957
2027,271570.99829723884,270666.936803182,904.0614940568339
2028,282718.41443487164,281663.6804289599,1054.7340059117414
2029,294033.2804515455,292828.2254794688,1205.0549720766721
2030,305515.5963405634,304151.7626728164,1363.8336677469779
2031,317574.2931872535,316028.82877978584,1545.4644074676908
2032,329810.59880396095,328056.3014535517,1754.297350409266
2033,342224.51314045937,340220.4791301661,2004.0340102932532
2034,354816.03631669603,352505.71536678035,2310.32094991568
2035,367585.1682530026,364928.48648230586,2656.681770696712
2036,380968.4556555914,377936.1220971974,3032.3335583939916
2037,394545.86063766544,391126.6878257409,3419.172811924538
2038,408317.3830728597,404508.91565472673,3808.46741813299
2039,422283.0230151352,418086.4871043408,4196.535910794395
2040,436442.7805282,431871.23864522105,4571.541882978927
2041,451359.5961326371,446412.206290431,4947.389842206147
2042,466491.704903339,461157.1564104861,5334.5484928528895
2043,481839.1068486224,476088.8870071598,5750.21984146256
2044,497401.8019535779,491195.4689527799,6206.333000798011
2045,513179.79022312077,506453.0939838479,6726.696239272889
2046,530286.6724670673,522956.75272913947,7329.91973792779
2047,547637.6047222316,539648.319185788,7989.285536443582
2048,565232.586940688,556551.743936244,8680.843004443916
2049,583071.6192402026,573712.5408908624,9359.078349340241
2050,601154.7014628751,591159.1776393288,9995.523823546362
2051,620943.1495267438,610312.7132436141,10630.436283129733
2052,641005.3243765176,629741.7131406788,11263.611235838733
2053,661341.2259569825,649437.0514066757,11904.17455030675
2054,681950.8541578099,669375.4095608906,12575.444596919231
2055,702834.2091447008,689522.9229342223,13311.286210478516
2056,725734.2467495078,711569.6320216472,14164.614727860666
2057,748933.5119402965,733863.9354782104,15069.576462086057
2058,772432.0047124166,756433.7652448411,15998.239467575448
2059,796229.7250659942,779275.1387946489,16954.586271345266
2060,820326.6729948926,802422.379252621,17904.293742271606
2061,846815.0322703883,827943.1858800382,18871.84639035014
2062,873620.3550130266,853793.340307023,19827.014706003596
2063,900742.6412353521,879948.210946546,20794.430288806092
2064,928181.8910783388,906387.0708744838,21794.82020385505
2065,955938.1042760422,933092.8860433473,22845.218232694897
2066,986444.3009746628,962391.5794544017,24052.721520261024
2067,1.0172747479669038e6,991896.2867194441,25378.461247459752
2068,1.0484294450599357e6,1.0216432293051251e6,26786.215754810604
2069,1.0799083924811785e6,1.0516931353863408e6,28215.257094837725
2070,1.1117115899857068e6,1.0820959952749112e6,29615.594710795674
2071,1.1466726737961196e6,1.1156264568404963e6,31046.216955623357
2072,1.1819531089797153e6,1.1495012875583589e6,32451.821421356406
2073,1.2175528956476462e6,1.1836863850565231e6,33866.51059112302
2074,1.253472033473655e6,1.2181834688950088e6,35288.56457864633
2075,1.289710523065282e6,1.2529840615031982e6,36726.4615620838
2076,1.3298503887295693e6,1.2915497415873818e6,38300.64714218746
2077,1.3702879221786244e6,1.3303588024217312e6,39929.119756893255
2078,1.4110231234002311e6,1.3693650434904934e6,41658.07990973769
2079,1.4520559924314863e6,1.408550954554892e6,43505.037876594346
2080,1.493386529635185e6,1.4479419790381202e6,45444.55059706466
2081,1.5391597616611286e6,1.4916029003729613e6,47556.8612881673
2082,1.5851882583901826e6,1.535512373982446e6,49675.884407736594
2083,1.6314720201203139e6,1.5797121090794662e6,51759.911040847655
2084,1.678011046568811e6,1.6242071696205377e6,53803.876948273275
2085,1.724805338547055e6,1.6690127200153922e6,55792.61853166274
2086,1.7763732811749817e6,1.7184987484244548e6,57874.53275052691
2087,1.828125139729095e6,1.7681562292370573e6,59968.910492037656
2088,1.8800609149622852e6,1.817946398354159e6,62114.51660812623
2089,1.9321806053560716e6,1.8678196708484439e6,64360.93450762774
2090,1.9844842116700916e6,1.9177066932552175e6,66777.5184148741
2091,2.0415419685936058e6,1.9720344892503575e6,69507.4793432483
2092,2.098677181172834e6,2.0263110018902738e6,72366.17928256001
2093,2.155889850905505e6,2.0806700614304037e6,75219.78947510128
2094,2.2131799770268044e6,2.135281622181919e6,77898.35484488541
2095,2.270547558567381e6,2.1901385090119867e6,80409.04955539433
2096,2.3324917069011973e6,2.2495428108300664e6,82948.89607113088
2097,2.394369051076702e6,2.3089540383558576e6,85415.01272084424
2098,2.456179592508129e6,2.368307606993509e6,87871.98551461985
2099,2.517923328619282e6,2.4275328238131157e6,90390.50480616651
2100,2.579600260850423e6,2.4865205201215697e6,93079.74072885327
2101,2.6427666000039047e6,2.5467256800494366e6,96040.91995446803
2102,2.7076164249702794e6,2.608477007862669e6,99139.4171076105
2103,2.7741879796946477e6,2.671936897123665e6,102251.08257098263
2104,2.8425199965942507e6,2.7371759323137584e6,105344.06428049225
2105,2.9126516877418333e6,2.8043109276223844e6,108340.76011944888
2106,2.9846227312222766e6,2.873350317416697e6,111272.41380557977
2107,3.0584732618647977e6,2.9442519992131526e6,114221.26265164511
2108,3.1342438635399616e6,3.016985027102658e6,117258.83643730357
2109,3.2119755495378906e6,3.091501961477089e6,120473.58806080138
2110,3.2917097532674195e6,3.167734984165251e6,123974.76910216874
2111,3.373488314315422e6,3.245542935794696e6,127945.37852072576
2112,3.457353463429855e6,3.325145565293677e6,132207.89813617803
2113,3.5433478032078375e6,3.40684087891252e6,136506.92429531738
2114,3.6315142974613872e6,3.4908245761848283e6,140689.72127655894
2115,3.721896247771667e6,3.5771484295091215e6,144747.8182625454
2116,3.814537280552649e6,3.6657995054712365e6,148737.7750814124
2117,3.9094813214387954e6,3.756809438973074e6,152671.88246572157
2118,4.0067725812509344e6,3.850101913850316e6,156670.66740061855
2119,4.106455525377385e6,3.945634211727963e6,160821.31364942202
2120,4.208574869012242e6,4.0432618305837354e6,165313.0384285068
2121,4.313175532391615e6,4.142843336737606e6,170332.195654009
2122,4.420302630779079e6,4.244388975476364e6,175913.6553027155
2123,4.530001447562594e6,4.348402363733622e6,181599.08382897172
2124,4.642317407309661e6,4.455114360562816e6,187203.04674684443
2125,4.757296037719724e6,4.564610664192722e6,192685.3735270016
2126,4.874982968871343e6,4.677109244103939e6,197873.72476740368
2127,4.99542387184283e6,4.792455254126051e6,202968.617716779
2128,5.118664455718534e6,4.91054119403717e6,208123.26168136392
2129,5.24475041405511e6,5.031269056056926e6,213481.35799818393
2130,5.373727411448657e6,5.154422770991869e6,219304.6404567873
2131,5.505641044666993e6,5.27963288447425e6,226008.16019274388
2132,5.640536800286457e6,5.407197670648172e6,233339.12963828538
2133,5.778460038278181e6,5.537620986718191e6,240839.05155999027
2134,5.919455925976436e6,5.671201942212432e6,248253.98376400396
2135,6.063569441470906e6,5.808292557318955e6,255276.8841519514
2136,6.210845307648892e6,5.948984678481291e6,261860.62916760053
2137,6.36132795130568e6,6.093036227750694e6,268291.7235549856
2138,6.515061482006822e6,6.240213790311188e6,274847.69169563334
2139,6.672089650100283e6,6.390499237484477e6,281590.41261580586
2140,6.832455781610929e6,6.543794825341444e6,288660.95626948494
2141,6.996202765270206e6,6.699866945249904e6,296335.8200203022
2142,7.163372995773362e6,6.8586177546481425e6,304755.2411252195
2143,7.3340083178418e6,7.020411563227562e6,313596.7546142377
2144,7.508150006264052e6,7.18552399882577e6,322626.0074382825
2145,7.685838717298202e6,7.354077887917842e6,331760.82938036043
2146,7.867114417119765e6,7.526408093209172e6,340706.32391059306
2147,8.052016354457399e6,7.702447890211107e6,349568.46424629167
2148,8.240583020540667e6,7.882117894432e6,358465.1261086669
2149,8.432852085537795e6,8.065485759152471e6,367366.3263853239
2150,8.628860338327648e6,8.252420421630311e6,376439.9166973373
2151,8.828643681759337e6,8.442844757964382e6,385798.923794955
2152,9.032237036992451e6,8.636467536514983e6,395769.5004774686
2153,9.23967430136023e6,8.832839873509234e6,406834.4278509971
2154,9.45098832019369e6,9.032012204947026e6,418976.11524666287
2155,9.6662108225631e6,9.234759366273161e6,431451.4562899396
2156,9.885372334364643e6,9.441639284431562e6,443733.0499330815
2157,1.0108502199148355e7,9.65287599931422e6,455626.19983413443
2158,1.0335628464176834e7,9.868723240759602e6,466905.2234172318
2159,1.0566777835526332e7,1.0089115445134513e7,477662.3903918192
2160,1.0801975654508179e7,1.0313708271409154e7,488267.3830990251
2161,1.1041245819484798e7,1.0542072544375751e7,499173.27510904707
2162,1.1284610734054493e7,1.0773690979065148e7,510919.7549893446
2163,1.1532091259715244e7,1.100799422634585e7,524097.033369394
2164,1.1783706658090025e7,1.124486642878412e7,538840.2293059044
2165,1.2039474528579846e7,1.1485558784492282e7,553915.7440875638
2166,1.2299410787650423e7,1.1730666376947338e7,568744.4107030854
2167,1.2563529569449918e7,1.1980654386069344e7,582875.183380574
2168,1.2831843195821453e7,1.2235982479615476e7,595860.7162059769
2169,1.310436214704479e7,1.2496056395955477e7,608305.751089314
2170,1.3381094936025407e7,1.2760429524072332e7,620665.4119530749
2171,1.366204814342768e7,1.3028721300341997e7,633326.843085682
2172,1.3947226311159236e7,1.330047195891664e7,646754.3522425964
2173,1.4236631909431089e7,1.3574944645817934e7,661687.2636131551
2174,1.4530265252742492e7,1.3852193890980963e7,678071.361761529
2175,1.4828124528759431e7,1.4132794338356592e7,695330.1904028393
2176,1.513020563987366e7,1.4417314280093582e7,712891.3597800769
2177,1.5436502265738826e7,1.470661754816254e7,729884.7175762858
2178,1.5747005724518197e7,1.5001196268795025e7,745809.455723172
2179,1.606170496424831e7,1.5300734270228306e7,760970.694020005
2180,1.6380586533896448e7,1.560484490537012e7,775741.6285263281
2181,1.6703634500311974e7,1.5913271447555661e7,790363.0527563132
2182,1.703083043590246e7,1.622573547775229e7,805094.9581501707
2183,1.7362153352326497e7,1.6542026949411338e7,820126.4029151592
2184,1.769757968268681e7,1.6861781886826053e7,835797.7958607562
2185,1.8037083205141142e7,1.718451239553837e7,852570.809602771
2186,1.8380635061410315e7,1.7509404834089633e7,871230.2273206823
2187,1.8728203642995022e7,1.783706613212048e7,891137.5108745433
2188,1.907975463291658e7,1.8168370201185312e7,911384.4317312688
2189,1.9435250929238148e7,1.8503247070923965e7,932003.8583141826
2190,1.97946526032045e7,1.8842825692218564e7,951826.9109859355
2191,2.0157916901075933e7,1.918777343504269e7,970143.4660332426
2192,2.05249981902945e7,1.9537389236290593e7,987608.9540039077
2193,2.089584793690952e7,1.989088248481544e7,1.0049654520940781e6
2194,2.127041471903713e7,2.0247761882258203e7,1.0226528367789276e6
2195,2.1648644136103462e7,2.0607515546273995e7,1.0411285898294672e6
2196,2.2030478833285518e7,2.096897005314327e7,1.0615087801422477e6
2197,2.2415858484398015e7,2.1331517359102767e7,1.0843411252952479e6
2198,2.280471971370346e7,2.1695993635981135e7,1.108726077722326e6
2199,2.3196996212136965e7,2.206414474130019e7,1.1328514708367735e6
2200,2.3592618586691e7,2.2437102909542616e7,1.155515677148383e6
2201,2.3991292184375353e7,2.2815039496969096e7,1.1762526874062568e6
2202,2.439293085601703e7,2.319726773736935e7,1.1956631186476797e6
2203,2.4797445248425554e7,2.3582721236035954e7,1.2147240123896003e6
2204,2.520474282278273e7,2.3971400337715846e7,1.2333424850668833e6
2205,2.561472784280825e7,2.4362952482667726e7,1.2517753601405248e6
2206,2.6027301411277797e7,2.4756909819196135e7,1.2703915920816623e6
2207,2.6442361448319077e7,2.5152663751456883e7,1.2896976968621947e6
2208,2.6859802756680556e7,2.5549087391271427e7,1.3107153654091284e6
2209,2.7279517004832424e7,2.5945715707948647e7,1.3338012968837768e6
2210,2.7701392762287337e7,2.634295793459737e7,1.358434827689968e6
2211,2.8125315544229854e7,2.6741980297839303e7,1.3833352463905513e6
2212,2.8551167813501008e7,2.714352998611165e7,1.4076378273893595e6
2213,2.8978829040166415e7,2.7548170643109806e7,1.4306583970566094e6
2214,2.9408175721891064e7,2.7955826745299734e7,1.45234897659133e6
2215,2.9839081440202124e7,2.8366561417178918e7,1.4725200230232067e6
2216,3.0271416893997602e7,2.878015384349494e7,1.4912630505026616e6
2217,3.070504994309894e7,2.9195036071610406e7,1.510013871488534e6
2218,3.1139845678911332e7,2.9610265735363398e7,1.5295799435479343e6
2219,3.157566645533447e7,3.002479831610995e7,1.550868139224518e6
2220,3.2012371960948545e7,3.043742471979497e7,1.5749472411535755e6
2221,3.2449819280301638e7,3.0848405103980195e7,1.6014141763214432e6
2222,3.2887862954730846e7,3.125786023699168e7,1.6300027177391648e6
2223,3.3326355039154205e7,3.1668111010091055e7,1.6582440290631503e6
2224,3.3765145200688735e7,3.208195036320896e7,1.683194837479774e6
2225,3.420408076269344e7,3.2498953790530477e7,1.7051269721629657e6
2226,3.4643006798592135e7,3.2918494903362036e7,1.7245118952300996e6
2227,3.508176621707663e7,3.33390807139831e7,1.7426855030935295e6
2228,3.552019983065564e7,3.37595456482591e7,1.7606541823965386e6
2229,3.5958146452080406e7,3.4178623265448034e7,1.7795231866323724e6
2230,3.639544298470696e7,3.4594145974447e7,1.8012970102599636e6
2231,3.683192451214345e7,3.500619981945965e7,1.825724692683801e6
2232,3.7267424387025304e7,3.541654715628336e7,1.8508772307419404e6
2233,3.770177435433598e7,3.582559780725254e7,1.8761765470834374e6
2234,3.813480461882658e7,3.623437072822406e7,1.9004338906025216e6
2235,3.856634397637005e7,3.6643816007449225e7,1.922527968920827e6
2236,3.899621990292765e7,3.70542006826371e7,1.942019220290549e6
2237,3.942425868466251e7,3.746472170141596e7,1.95953698324655e6
2238,3.9850285504866034e7,3.7873674231230415e7,1.9766112736356184e6
2239,4.027412456849627e7,3.828008094269895e7,1.9940436257973239e6
2240,4.069559922693345e7,3.868255235951919e7,2.0130468674142584e6
2241,4.111453208714612e7,3.907913180628226e7,2.0354002808638588e6
2242,4.1530745130406745e7,3.946932434977046e7,2.0614207806362882e6
2243,4.194405984071198e7,3.985577387400307e7,2.0882859667089134e6
2244,4.235429733301084e7,4.024077564633853e7,2.1135216866723076e6
2245,4.276127845933726e7,4.062570934648866e7,2.135569112848595e6
2246,4.3164823967489645e7,4.101107682160691e7,2.153747145882733e6
2247,4.356475459686383e7,4.13950552588955e7,2.169699337968327e6
2248,4.396089125104576e7,4.177660766399863e7,2.18428358704713e6
2249,4.435305504918661e7,4.2155303635255344e7,2.1977514139312655e6
2250,4.474106758027969e7,4.253023309091162e7,2.2108344893680736e6
2251,4.512475092055229e7,4.2900700385849044e7,2.2240505347032472e6
2252,4.550392786691498e7,4.326537427365205e7,2.238553593262933e6
2253,4.587842195269344e7,4.362261230077028e7,2.2558096519231573e6
2254,4.624805770621644e7,4.397171154765304e7,2.276346158563398e6
2255,4.66126607407453e7,4.431462945406293e7,2.2980312866823673e6
2256,4.6972057838604204e7,4.465282003210805e7,2.319237806496151e6
2257,4.732607718166181e7,4.4986744674525574e7,2.339332507136233e6
2258,4.767454843127826e7,4.531782905488193e7,2.356719376396328e6
2259,4.801730281251034e7,4.564588447978719e7,2.371418332723148e6
2260,4.8354173397513054e7,4.59707657516591e7,2.3834076458539516e6
2261,4.868499508741831e7,4.6291669328497015e7,2.3933257589212954e6
2262,4.9009604866763696e7,4.66061756106793e7,2.4034292560843974e6
2263,4.932784188202047e7,4.691300255931304e7,2.414839322707437e6
2264,4.963954747544695e7,4.721049101116202e7,2.4290564642849267e6
2265,4.994456558236121e7,4.749690031846873e7,2.4476652638924792e6
2266,5.024274257860151e7,4.7772965917296074e7,2.469776661305435e6
2267,5.0533927589056045e7,4.804004788625102e7,2.4938797028050274e6
2268,5.081797250137562e7,4.830270695853158e7,2.515265542844042e6
2269,5.109473219210948e7,4.856361112326827e7,2.5311210688412115e6
2270,5.1364064607036926e7,4.8821620590056546e7,2.54244401698038e6
2271,5.1625830849232525e7,4.907534038605207e7,2.5504904631804526e6
2272,5.187989536675466e7,4.9323135822418146e7,2.5567595443365127e6
2273,5.2126126043206975e7,4.956324590048558e7,2.562880142721392e6
2274,5.236439418548952e7,4.979284194400135e7,2.5715522414881736e6
2275,5.2594574933184035e7,5.001026829655095e7,2.584306636633083e6
2276,5.2816547091177225e7,5.0216329749391176e7,2.6002173417860493e6
2277,5.303019333218887e7,5.0413937693272196e7,2.6162556389166713e6
2278,5.3235400348447345e7,5.0604974408058554e7,2.6304259403887913e6
2279,5.3432058827897444e7,5.079020645350337e7,2.641852374394074e6
2280,5.362006375200293e7,5.097086013054102e7,2.649203621461913e6
2281,5.379931428855563e7,5.11458971467159e7,2.6534171418397278e6
2282,5.3969713953481e7,5.131291112446976e7,2.6568028290112466e6
2283,5.413117075521707e7,5.147082917770165e7,2.660341577515416e6
2284,5.428359721145055e7,5.161811039417433e7,2.665486817276217e6
2285,5.4426910491788924e7,5.175216815174385e7,2.674742340045072e6
2286,5.4561032353152335e7,5.18722070149455e7,2.688825338206835e6
2287,5.468588936756652e7,5.19811564612565e7,2.704732906310022e6
2288,5.480141296699663e7,5.208237328549667e7,2.7190396814999655e6
2289,5.490753940299401e7,5.2179865727950566e7,2.7276736750434414e6
2290,5.500420990048997e7,5.227287827589398e7,2.7313316245959923e6
2291,5.5091370700035594e7,5.235898759890319e7,2.732383101132408e6
2292,5.516897306703579e7,5.243834885836359e7,2.7306242086721957e6
2293,5.5236973395017944e7,5.250946246207639e7,2.727510932941556e6
2294,5.529533317643628e7,5.2569925043420784e7,2.7254081330154985e6
2295,5.53440191173634e7,5.261662887542844e7,2.7273902419349626e6
2296,5.5383003065070756e7,5.2649019965903796e7,2.7339830991669595e6
2297,5.541226219196674e7,5.266829545331873e7,2.7439667386480123e6
2298,5.543177885265118e7,5.267761371908981e7,2.7541651335613653e6
2299,5.5441540732592896e7,5.268141062043299e7,2.760130112159908e6
2300,5.5441540732592896e7,5.268069735412604e7,2.760843378466852e6
