"impact_region_id","give_country_id","country_index","beta_delta_gmst","beta_delta_gmst_squared","intercept","baseline_forest_area","population_share","gdp_share"
"ABW_IR1","ABW",1,-3.393,-0.19,0.0,2.993,0.293497,0.589878
"ABW_IR2","ABW",1,-3.246,-0.013,0.0,2.055,0.188071,0.049048
"ABW_IR3","ABW",1,-3.0,-0.109,0.0,1.989,0.518432,0.361074
"AFG_IR1","AFG",2,-2.2,-0.093,0.0,4.275,0.275644,0.227572
"AFG_IR2","AFG",2,-2.397,-0.068,0.0,8.179,0.186781,0.186598
"AFG_IR3","AFG",2,-3.005,-0.123,0.0,9.701,0.537575,0.58583
"AGO_IR1","AGO",3,-2.682,-0.128,0.0,5.317,0.145812,0.034564
"AGO_IR2","AGO",3,-2.294,-0.172,0.0,5.47,0.131912,0.878476
"AGO_IR3","AGO",3,-3.401,-0.119,0.0,8.744,0.722276,0.08696
"ALB_IR1","ALB",4,-2.549,-0.139,0.0,1.549,0.445357,0.111878
"ALB_IR2","ALB",4,-2.854,-0.13,0.0,2.262,0.275954,0.238224
"ALB_IR3","ALB",4,-2.017,-0.155,0.0,4.179,0.027906,0.174169
"ALB_IR4","ALB",4,-2.219,-0.164,0.0,8.106,0.250783,0.475729
"ARE_IR1","ARE",5,-2.254,-0.01,0.0,3.906,0.266548,0.260174
"ARE_IR2","ARE",5,-3.403,-0.141,0.0,1.227,0.037403,0.295573
"ARE_IR3","ARE",5,-2.118,-0.129,0.0,7.41,0.319474,0.103042
"ARE_IR4","ARE",5,-2.185,-0.061,0.0,1.477,0.376575,0.341212
"ARG_IR1","ARG",6,-2.242,-0.174,0.0,6.32,0.464552,0.45607
"ARG_IR2","ARG",6,-3.126,-0.011,0.0,9.884,0.535448,0.54393
"ARM_IR1","ARM",7,-2.361,-0.025,0.0,8.626,0.356375,0.417973
"ARM_IR2","ARM",7,-3.255,-0.115,0.0,8.966,0.283038,0.485209
"ARM_IR3","ARM",7,-2.576,-0.181,0.0,2.453,0.360587,0.096818
"AUS_IR1","AUS",8,-3.406,-0.047,0.0,7.118,0.152868,0.002773
"AUS_IR2","AUS",8,-2.242,-0.112,0.0,1.73,0.4002,0.313882
"AUS_IR3","AUS",8,-2.791,-0.015,0.0,3.202,0.350451,0.214956
"AUS_IR4","AUS",8,-2.694,-0.139,0.0,1.399,0.096481,0.468389
