"year","give_country_id","country_name","es_value_reference","es_value_climate","es_damage"
2020,"ABW","ABW",0.02537143898873553,0.02537143898873553,0.0
2020,"AFG","AFG",8458.274629469288,8458.274629469288,0.0
2020,"AGO","AGO",6765.761071971683,6765.761071971683,0.0
2020,"ALB","ALB",106.59743752473565,106.59743752473565,0.0
2020,"ARE","ARE",3903.2665160830875,3903.2665160830875,0.0
2020,"ARG","ARG",166276.65783893398,166276.65783893398,0.0
2020,"ARM","ARM",161.73704327762087,161.73704327762087,0.0
2020,"AUS","AUS",14626.39307304374,14626.39307304374,0.0
2020,"AUT","AUT",0.0,0.0,0.0
2020,"AZE","AZE",0.0,0.0,0.0
2020,"BDI","BDI",0.0,0.0,0.0
2020,"BEL","BEL",0.0,0.0,0.0
2020,"BEN","BEN",0.0,0.0,0.0
2020,"BFA","BFA",0.0,0.0,0.0
2020,"BGD","BGD",0.0,0.0,0.0
2020,"BGR","BGR",0.0,0.0,0.0
2020,"BHR","BHR",0.0,0.0,0.0
2020,"BHS","BHS",0.0,0.0,0.0
2020,"BIH","BIH",0.0,0.0,0.0
2020,"BLR","BLR",0.0,0.0,0.0
2020,"BLZ","BLZ",0.0,0.0,0.0
2020,"BOL","BOL",0.0,0.0,0.0
2020,"BRA","BRA",0.0,0.0,0.0
2020,"BRB","BRB",0.0,0.0,0.0
2020,"BRN","BRN",0.0,0.0,0.0
2020,"BTN","BTN",0.0,0.0,0.0
2020,"BWA","BWA",0.0,0.0,0.0
2020,"CAF","CAF",0.0,0.0,0.0
2020,"CAN","CAN",0.0,0.0,0.0
2020,"CHE","CHE",0.0,0.0,0.0
2020,"CHL","CHL",0.0,0.0,0.0
2020,"CHN","CHN",0.0,0.0,0.0
2020,"CIV","CIV",0.0,0.0,0.0
2020,"CMR","CMR",0.0,0.0,0.0
2020,"COD","COD",0.0,0.0,0.0
2020,"COG","COG",0.0,0.0,0.0
2020,"COL","COL",0.0,0.0,0.0
2020,"COM","COM",0.0,0.0,0.0
2020,"CPV","CPV",0.0,0.0,0.0
2020,"CRI","CRI",0.0,0.0,0.0
2020,"CUB","CUB",0.0,0.0,0.0
2020,"CYP","CYP",0.0,0.0,0.0
2020,"CZE","CZE",0.0,0.0,0.0
2020,"DEU","DEU",0.0,0.0,0.0
2020,"DJI","DJI",0.0,0.0,0.0
2020,"DNK","DNK",0.0,0.0,0.0
2020,"DOM","DOM",0.0,0.0,0.0
2020,"DZA","DZA",0.0,0.0,0.0
2020,"ECU","ECU",0.0,0.0,0.0
2020,"EGY","EGY",0.0,0.0,0.0
2020,"ERI","ERI",0.0,0.0,0.0
2020,"ESP","ESP",0.0,0.0,0.0
2020,"EST","EST",0.0,0.0,0.0
2020,"ETH","ETH",0.0,0.0,0.0
2020,"FIN","FIN",0.0,0.0,0.0
2020,"FJI","FJI",0.0,0.0,0.0
2020,"FRA","FRA",0.0,0.0,0.0
2020,"GAB","GAB",0.0,0.0,0.0
2020,"GBR","GBR",0.0,0.0,0.0
2020,"GEO","GEO",0.0,0.0,0.0
2020,"GHA","GHA",0.0,0.0,0.0
2020,"GIN","GIN",0.0,0.0,0.0
2020,"GMB","GMB",0.0,0.0,0.0
2020,"GNB","GNB",0.0,0.0,0.0
2020,"GNQ","GNQ",0.0,0.0,0.0
2020,"GRC","GRC",0.0,0.0,0.0
2020,"GTM","GTM",0.0,0.0,0.0
2020,"GUY","GUY",0.0,0.0,0.0
2020,"HKG","HKG",0.0,0.0,0.0
2020,"HND","HND",0.0,0.0,0.0
2020,"HRV","HRV",0.0,0.0,0.0
2020,"HTI","HTI",0.0,0.0,0.0
2020,"HUN","HUN",0.0,0.0,0.0
2020,"IDN","IDN",0.0,0.0,0.0
2020,"IND","IND",0.0,0.0,0.0
2020,"IRL","IRL",0.0,0.0,0.0
2020,"IRN","IRN",0.0,0.0,0.0
2020,"IRQ","IRQ",0.0,0.0,0.0
2020,"ISL","ISL",0.0,0.0,0.0
2020,"ISR","ISR",0.0,0.0,0.0
2020,"ITA","ITA",0.0,0.0,0.0
2020,"JAM","JAM",0.0,0.0,0.0
2020,"JOR","JOR",0.0,0.0,0.0
2020,"JPN","JPN",0.0,0.0,0.0
2020,"KAZ","KAZ",0.0,0.0,0.0
2020,"KEN","KEN",0.0,0.0,0.0
2020,"KGZ","KGZ",0.0,0.0,0.0
2020,"KHM","KHM",0.0,0.0,0.0
2020,"KOR","KOR",0.0,0.0,0.0
2020,"KWT","KWT",0.0,0.0,0.0
2020,"LAO","LAO",0.0,0.0,0.0
2020,"LBN","LBN",0.0,0.0,0.0
2020,"LBR","LBR",0.0,0.0,0.0
2020,"LBY","LBY",0.0,0.0,0.0
2020,"LCA","LCA",0.0,0.0,0.0
2020,"LKA","LKA",0.0,0.0,0.0
2020,"LSO","LSO",0.0,0.0,0.0
2020,"LTU","LTU",0.0,0.0,0.0
2020,"LUX","LUX",0.0,0.0,0.0
2020,"LVA","LVA",0.0,0.0,0.0
2020,"MAC","MAC",0.0,0.0,0.0
2020,"MAR","MAR",0.0,0.0,0.0
2020,"MDA","MDA",0.0,0.0,0.0
2020,"MDG","MDG",0.0,0.0,0.0
2020,"MDV","MDV",0.0,0.0,0.0
2020,"MEX","MEX",0.0,0.0,0.0
2020,"MKD","MKD",0.0,0.0,0.0
2020,"MLI","MLI",0.0,0.0,0.0
2020,"MLT","MLT",0.0,0.0,0.0
2020,"MMR","MMR",0.0,0.0,0.0
2020,"MNE","MNE",0.0,0.0,0.0
2020,"MNG","MNG",0.0,0.0,0.0
2020,"MOZ","MOZ",0.0,0.0,0.0
2020,"MRT","MRT",0.0,0.0,0.0
2020,"MUS","MUS",0.0,0.0,0.0
2020,"MWI","MWI",0.0,0.0,0.0
2020,"MYS","MYS",0.0,0.0,0.0
2020,"NAM","NAM",0.0,0.0,0.0
2020,"NCL","NCL",0.0,0.0,0.0
2020,"NER","NER",0.0,0.0,0.0
2020,"NGA","NGA",0.0,0.0,0.0
2020,"NIC","NIC",0.0,0.0,0.0
2020,"NLD","NLD",0.0,0.0,0.0
2020,"NOR","NOR",0.0,0.0,0.0
2020,"NPL","NPL",0.0,0.0,0.0
2020,"NZL","NZL",0.0,0.0,0.0
2020,"OMN","OMN",0.0,0.0,0.0
2020,"PAK","PAK",0.0,0.0,0.0
2020,"PAN","PAN",0.0,0.0,0.0
2020,"PER","PER",0.0,0.0,0.0
2020,"PHL","PHL",0.0,0.0,0.0
2020,"PNG","PNG",0.0,0.0,0.0
2020,"POL","POL",0.0,0.0,0.0
2020,"PRI","PRI",0.0,0.0,0.0
2020,"PRT","PRT",0.0,0.0,0.0
2020,"PRY","PRY",0.0,0.0,0.0
2020,"PSE","PSE",0.0,0.0,0.0
2020,"PYF","PYF",0.0,0.0,0.0
2020,"QAT","QAT",0.0,0.0,0.0
2020,"ROU","ROU",0.0,0.0,0.0
2020,"RUS","RUS",0.0,0.0,0.0
2020,"RWA","RWA",0.0,0.0,0.0
2020,"SAU","SAU",0.0,0.0,0.0
2020,"SDN","SDN",0.0,0.0,0.0
2020,"SEN","SEN",0.0,0.0,0.0
2020,"SGP","SGP",0.0,0.0,0.0
2020,"SLB","SLB",0.0,0.0,0.0
2020,"SLE","SLE",0.0,0.0,0.0
2020,"SLV","SLV",0.0,0.0,0.0
2020,"SOM","SOM",0.0,0.0,0.0
2020,"SRB","SRB",0.0,0.0,0.0
2020,"STP","STP",0.0,0.0,0.0
2020,"SUR","SUR",0.0,0.0,0.0
2020,"SVK","SVK",0.0,0.0,0.0
2020,"SVN","SVN",0.0,0.0,0.0
2020,"SWE","SWE",0.0,0.0,0.0
2020,"SWZ","SWZ",0.0,0.0,0.0
2020,"SYR","SYR",0.0,0.0,0.0
2020,"TCD","TCD",0.0,0.0,0.0
2020,"TGO","TGO",0.0,0.0,0.0
2020,"THA","THA",0.0,0.0,0.0
2020,"TJK","TJK",0.0,0.0,0.0
2020,"TKM","TKM",0.0,0.0,0.0
2020,"TLS","TLS",0.0,0.0,0.0
2020,"TON","TON",0.0,0.0,0.0
2020,"TTO","TTO",0.0,0.0,0.0
2020,"TUN","TUN",0.0,0.0,0.0
2020,"TUR","TUR",0.0,0.0,0.0
2020,"TWN","TWN",0.0,0.0,0.0
2020,"TZA","TZA",0.0,0.0,0.0
2020,"UGA","UGA",0.0,0.0,0.0
2020,"UKR","UKR",0.0,0.0,0.0
2020,"URY","URY",0.0,0.0,0.0
2020,"USA","USA",0.0,0.0,0.0
2020,"UZB","UZB",0.0,0.0,0.0
2020,"VCT","VCT",0.0,0.0,0.0
2020,"VEN","VEN",0.0,0.0,0.0
2020,"VNM","VNM",0.0,0.0,0.0
2020,"VUT","VUT",0.0,0.0,0.0
2020,"WSM","WSM",0.0,0.0,0.0
2020,"YEM","YEM",0.0,0.0,0.0
2020,"ZAF","ZAF",0.0,0.0,0.0
2020,"ZMB","ZMB",0.0,0.0,0.0
2020,"ZWE","ZWE",0.0,0.0,0.0
2030,"ABW","ABW",0.04343410331875617,0.043210780208265485,0.00022332311049068365
2030,"AFG","AFG",18844.739880292433,18757.90484139665,86.83503889578151
2030,"AGO","AGO",10992.54598435554,10943.408432565575,49.13755178996698
2030,"ALB","ALB",128.84613818283276,128.36974474393264,0.47639343890012276
2030,"ARE","ARE",6523.429267848765,6500.522727020351,22.90654082841398
2030,"ARG","ARG",247933.4664621646,246814.62673235012,1118.83972981447
2030,"ARM","ARM",207.98419121784104,207.06292380522754,0.921267412613485
2030,"AUS","AUS",20884.540982398055,20799.8240601543,84.71692224375354
2030,"AUT","AUT",0.0,0.0,0.0
2030,"AZE","AZE",0.0,0.0,0.0
2030,"BDI","BDI",0.0,0.0,0.0
2030,"BEL","BEL",0.0,0.0,0.0
2030,"BEN","BEN",0.0,0.0,0.0
2030,"BFA","BFA",0.0,0.0,0.0
2030,"BGD","BGD",0.0,0.0,0.0
2030,"BGR","BGR",0.0,0.0,0.0
2030,"BHR","BHR",0.0,0.0,0.0
2030,"BHS","BHS",0.0,0.0,0.0
2030,"BIH","BIH",0.0,0.0,0.0
2030,"BLR","BLR",0.0,0.0,0.0
2030,"BLZ","BLZ",0.0,0.0,0.0
2030,"BOL","BOL",0.0,0.0,0.0
2030,"BRA","BRA",0.0,0.0,0.0
2030,"BRB","BRB",0.0,0.0,0.0
2030,"BRN","BRN",0.0,0.0,0.0
2030,"BTN","BTN",0.0,0.0,0.0
2030,"BWA","BWA",0.0,0.0,0.0
2030,"CAF","CAF",0.0,0.0,0.0
2030,"CAN","CAN",0.0,0.0,0.0
2030,"CHE","CHE",0.0,0.0,0.0
2030,"CHL","CHL",0.0,0.0,0.0
2030,"CHN","CHN",0.0,0.0,0.0
2030,"CIV","CIV",0.0,0.0,0.0
2030,"CMR","CMR",0.0,0.0,0.0
2030,"COD","COD",0.0,0.0,0.0
2030,"COG","COG",0.0,0.0,0.0
2030,"COL","COL",0.0,0.0,0.0
2030,"COM","COM",0.0,0.0,0.0
2030,"CPV","CPV",0.0,0.0,0.0
2030,"CRI","CRI",0.0,0.0,0.0
2030,"CUB","CUB",0.0,0.0,0.0
2030,"CYP","CYP",0.0,0.0,0.0
2030,"CZE","CZE",0.0,0.0,0.0
2030,"DEU","DEU",0.0,0.0,0.0
2030,"DJI","DJI",0.0,0.0,0.0
2030,"DNK","DNK",0.0,0.0,0.0
2030,"DOM","DOM",0.0,0.0,0.0
2030,"DZA","DZA",0.0,0.0,0.0
2030,"ECU","ECU",0.0,0.0,0.0
2030,"EGY","EGY",0.0,0.0,0.0
2030,"ERI","ERI",0.0,0.0,0.0
2030,"ESP","ESP",0.0,0.0,0.0
2030,"EST","EST",0.0,0.0,0.0
2030,"ETH","ETH",0.0,0.0,0.0
2030,"FIN","FIN",0.0,0.0,0.0
2030,"FJI","FJI",0.0,0.0,0.0
2030,"FRA","FRA",0.0,0.0,0.0
2030,"GAB","GAB",0.0,0.0,0.0
2030,"GBR","GBR",0.0,0.0,0.0
2030,"GEO","GEO",0.0,0.0,0.0
2030,"GHA","GHA",0.0,0.0,0.0
2030,"GIN","GIN",0.0,0.0,0.0
2030,"GMB","GMB",0.0,0.0,0.0
2030,"GNB","GNB",0.0,0.0,0.0
2030,"GNQ","GNQ",0.0,0.0,0.0
2030,"GRC","GRC",0.0,0.0,0.0
2030,"GTM","GTM",0.0,0.0,0.0
2030,"GUY","GUY",0.0,0.0,0.0
2030,"HKG","HKG",0.0,0.0,0.0
2030,"HND","HND",0.0,0.0,0.0
2030,"HRV","HRV",0.0,0.0,0.0
2030,"HTI","HTI",0.0,0.0,0.0
2030,"HUN","HUN",0.0,0.0,0.0
2030,"IDN","IDN",0.0,0.0,0.0
2030,"IND","IND",0.0,0.0,0.0
2030,"IRL","IRL",0.0,0.0,0.0
2030,"IRN","IRN",0.0,0.0,0.0
2030,"IRQ","IRQ",0.0,0.0,0.0
2030,"ISL","ISL",0.0,0.0,0.0
2030,"ISR","ISR",0.0,0.0,0.0
2030,"ITA","ITA",0.0,0.0,0.0
2030,"JAM","JAM",0.0,0.0,0.0
2030,"JOR","JOR",0.0,0.0,0.0
2030,"JPN","JPN",0.0,0.0,0.0
2030,"KAZ","KAZ",0.0,0.0,0.0
2030,"KEN","KEN",0.0,0.0,0.0
2030,"KGZ","KGZ",0.0,0.0,0.0
2030,"KHM","KHM",0.0,0.0,0.0
2030,"KOR","KOR",0.0,0.0,0.0
2030,"KWT","KWT",0.0,0.0,0.0
2030,"LAO","LAO",0.0,0.0,0.0
2030,"LBN","LBN",0.0,0.0,0.0
2030,"LBR","LBR",0.0,0.0,0.0
2030,"LBY","LBY",0.0,0.0,0.0
2030,"LCA","LCA",0.0,0.0,0.0
2030,"LKA","LKA",0.0,0.0,0.0
2030,"LSO","LSO",0.0,0.0,0.0
2030,"LTU","LTU",0.0,0.0,0.0
2030,"LUX","LUX",0.0,0.0,0.0
2030,"LVA","LVA",0.0,0.0,0.0
2030,"MAC","MAC",0.0,0.0,0.0
2030,"MAR","MAR",0.0,0.0,0.0
2030,"MDA","MDA",0.0,0.0,0.0
2030,"MDG","MDG",0.0,0.0,0.0
2030,"MDV","MDV",0.0,0.0,0.0
2030,"MEX","MEX",0.0,0.0,0.0
2030,"MKD","MKD",0.0,0.0,0.0
2030,"MLI","MLI",0.0,0.0,0.0
2030,"MLT","MLT",0.0,0.0,0.0
2030,"MMR","MMR",0.0,0.0,0.0
2030,"MNE","MNE",0.0,0.0,0.0
2030,"MNG","MNG",0.0,0.0,0.0
2030,"MOZ","MOZ",0.0,0.0,0.0
2030,"MRT","MRT",0.0,0.0,0.0
2030,"MUS","MUS",0.0,0.0,0.0
2030,"MWI","MWI",0.0,0.0,0.0
2030,"MYS","MYS",0.0,0.0,0.0
2030,"NAM","NAM",0.0,0.0,0.0
2030,"NCL","NCL",0.0,0.0,0.0
2030,"NER","NER",0.0,0.0,0.0
2030,"NGA","NGA",0.0,0.0,0.0
2030,"NIC","NIC",0.0,0.0,0.0
2030,"NLD","NLD",0.0,0.0,0.0
2030,"NOR","NOR",0.0,0.0,0.0
2030,"NPL","NPL",0.0,0.0,0.0
2030,"NZL","NZL",0.0,0.0,0.0
2030,"OMN","OMN",0.0,0.0,0.0
2030,"PAK","PAK",0.0,0.0,0.0
2030,"PAN","PAN",0.0,0.0,0.0
2030,"PER","PER",0.0,0.0,0.0
2030,"PHL","PHL",0.0,0.0,0.0
2030,"PNG","PNG",0.0,0.0,0.0
2030,"POL","POL",0.0,0.0,0.0
2030,"PRI","PRI",0.0,0.0,0.0
2030,"PRT","PRT",0.0,0.0,0.0
2030,"PRY","PRY",0.0,0.0,0.0
2030,"PSE","PSE",0.0,0.0,0.0
2030,"PYF","PYF",0.0,0.0,0.0
2030,"QAT","QAT",0.0,0.0,0.0
2030,"ROU","ROU",0.0,0.0,0.0
2030,"RUS","RUS",0.0,0.0,0.0
2030,"RWA","RWA",0.0,0.0,0.0
2030,"SAU","SAU",0.0,0.0,0.0
2030,"SDN","SDN",0.0,0.0,0.0
2030,"SEN","SEN",0.0,0.0,0.0
2030,"SGP","SGP",0.0,0.0,0.0
2030,"SLB","SLB",0.0,0.0,0.0
2030,"SLE","SLE",0.0,0.0,0.0
2030,"SLV","SLV",0.0,0.0,0.0
2030,"SOM","SOM",0.0,0.0,0.0
2030,"SRB","SRB",0.0,0.0,0.0
2030,"STP","STP",0.0,0.0,0.0
2030,"SUR","SUR",0.0,0.0,0.0
2030,"SVK","SVK",0.0,0.0,0.0
2030,"SVN","SVN",0.0,0.0,0.0
2030,"SWE","SWE",0.0,0.0,0.0
2030,"SWZ","SWZ",0.0,0.0,0.0
2030,"SYR","SYR",0.0,0.0,0.0
2030,"TCD","TCD",0.0,0.0,0.0
2030,"TGO","TGO",0.0,0.0,0.0
2030,"THA","THA",0.0,0.0,0.0
2030,"TJK","TJK",0.0,0.0,0.0
2030,"TKM","TKM",0.0,0.0,0.0
2030,"TLS","TLS",0.0,0.0,0.0
2030,"TON","TON",0.0,0.0,0.0
2030,"TTO","TTO",0.0,0.0,0.0
2030,"TUN","TUN",0.0,0.0,0.0
2030,"TUR","TUR",0.0,0.0,0.0
2030,"TWN","TWN",0.0,0.0,0.0
2030,"TZA","TZA",0.0,0.0,0.0
2030,"UGA","UGA",0.0,0.0,0.0
2030,"UKR","UKR",0.0,0.0,0.0
2030,"URY","URY",0.0,0.0,0.0
2030,"USA","USA",0.0,0.0,0.0
2030,"UZB","UZB",0.0,0.0,0.0
2030,"VCT","VCT",0.0,0.0,0.0
2030,"VEN","VEN",0.0,0.0,0.0
2030,"VNM","VNM",0.0,0.0,0.0
2030,"VUT","VUT",0.0,0.0,0.0
2030,"WSM","WSM",0.0,0.0,0.0
2030,"YEM","YEM",0.0,0.0,0.0
2030,"ZAF","ZAF",0.0,0.0,0.0
2030,"ZMB","ZMB",0.0,0.0,0.0
2030,"ZWE","ZWE",0.0,0.0,0.0
2040,"ABW","ABW",0.07074501201059819,0.06988846979517091,0.000856542215427279
2040,"AFG","AFG",41415.55159575297,40966.83571088546,448.7158848675076
2040,"AGO","AGO",15029.658504811614,14871.294482022919,158.36402278869645
2040,"ALB","ALB",145.05091338134557,143.7826292457622,1.2682841355833663
2040,"ARE","ARE",9651.639656138525,9572.1199004568,79.51975568172503
2040,"ARG","ARG",341995.02596876107,338379.88713112805,3615.1388376330433
2040,"ARM","ARM",249.40861588059903,246.81861071719558,2.5900051634034487
2040,"AUS","AUS",27956.374528461747,27690.43029229511,265.9442361666323
2040,"AUT","AUT",0.0,0.0,0.0
2040,"AZE","AZE",0.0,0.0,0.0
2040,"BDI","BDI",0.0,0.0,0.0
2040,"BEL","BEL",0.0,0.0,0.0
2040,"BEN","BEN",0.0,0.0,0.0
2040,"BFA","BFA",0.0,0.0,0.0
2040,"BGD","BGD",0.0,0.0,0.0
2040,"BGR","BGR",0.0,0.0,0.0
2040,"BHR","BHR",0.0,0.0,0.0
2040,"BHS","BHS",0.0,0.0,0.0
2040,"BIH","BIH",0.0,0.0,0.0
2040,"BLR","BLR",0.0,0.0,0.0
2040,"BLZ","BLZ",0.0,0.0,0.0
2040,"BOL","BOL",0.0,0.0,0.0
2040,"BRA","BRA",0.0,0.0,0.0
2040,"BRB","BRB",0.0,0.0,0.0
2040,"BRN","BRN",0.0,0.0,0.0
2040,"BTN","BTN",0.0,0.0,0.0
2040,"BWA","BWA",0.0,0.0,0.0
2040,"CAF","CAF",0.0,0.0,0.0
2040,"CAN","CAN",0.0,0.0,0.0
2040,"CHE","CHE",0.0,0.0,0.0
2040,"CHL","CHL",0.0,0.0,0.0
2040,"CHN","CHN",0.0,0.0,0.0
2040,"CIV","CIV",0.0,0.0,0.0
2040,"CMR","CMR",0.0,0.0,0.0
2040,"COD","COD",0.0,0.0,0.0
2040,"COG","COG",0.0,0.0,0.0
2040,"COL","COL",0.0,0.0,0.0
2040,"COM","COM",0.0,0.0,0.0
2040,"CPV","CPV",0.0,0.0,0.0
2040,"CRI","CRI",0.0,0.0,0.0
2040,"CUB","CUB",0.0,0.0,0.0
2040,"CYP","CYP",0.0,0.0,0.0
2040,"CZE","CZE",0.0,0.0,0.0
2040,"DEU","DEU",0.0,0.0,0.0
2040,"DJI","DJI",0.0,0.0,0.0
2040,"DNK","DNK",0.0,0.0,0.0
2040,"DOM","DOM",0.0,0.0,0.0
2040,"DZA","DZA",0.0,0.0,0.0
2040,"ECU","ECU",0.0,0.0,0.0
2040,"EGY","EGY",0.0,0.0,0.0
2040,"ERI","ERI",0.0,0.0,0.0
2040,"ESP","ESP",0.0,0.0,0.0
2040,"EST","EST",0.0,0.0,0.0
2040,"ETH","ETH",0.0,0.0,0.0
2040,"FIN","FIN",0.0,0.0,0.0
2040,"FJI","FJI",0.0,0.0,0.0
2040,"FRA","FRA",0.0,0.0,0.0
2040,"GAB","GAB",0.0,0.0,0.0
2040,"GBR","GBR",0.0,0.0,0.0
2040,"GEO","GEO",0.0,0.0,0.0
2040,"GHA","GHA",0.0,0.0,0.0
2040,"GIN","GIN",0.0,0.0,0.0
2040,"GMB","GMB",0.0,0.0,0.0
2040,"GNB","GNB",0.0,0.0,0.0
2040,"GNQ","GNQ",0.0,0.0,0.0
2040,"GRC","GRC",0.0,0.0,0.0
2040,"GTM","GTM",0.0,0.0,0.0
2040,"GUY","GUY",0.0,0.0,0.0
2040,"HKG","HKG",0.0,0.0,0.0
2040,"HND","HND",0.0,0.0,0.0
2040,"HRV","HRV",0.0,0.0,0.0
2040,"HTI","HTI",0.0,0.0,0.0
2040,"HUN","HUN",0.0,0.0,0.0
2040,"IDN","IDN",0.0,0.0,0.0
2040,"IND","IND",0.0,0.0,0.0
2040,"IRL","IRL",0.0,0.0,0.0
2040,"IRN","IRN",0.0,0.0,0.0
2040,"IRQ","IRQ",0.0,0.0,0.0
2040,"ISL","ISL",0.0,0.0,0.0
2040,"ISR","ISR",0.0,0.0,0.0
2040,"ITA","ITA",0.0,0.0,0.0
2040,"JAM","JAM",0.0,0.0,0.0
2040,"JOR","JOR",0.0,0.0,0.0
2040,"JPN","JPN",0.0,0.0,0.0
2040,"KAZ","KAZ",0.0,0.0,0.0
2040,"KEN","KEN",0.0,0.0,0.0
2040,"KGZ","KGZ",0.0,0.0,0.0
2040,"KHM","KHM",0.0,0.0,0.0
2040,"KOR","KOR",0.0,0.0,0.0
2040,"KWT","KWT",0.0,0.0,0.0
2040,"LAO","LAO",0.0,0.0,0.0
2040,"LBN","LBN",0.0,0.0,0.0
2040,"LBR","LBR",0.0,0.0,0.0
2040,"LBY","LBY",0.0,0.0,0.0
2040,"LCA","LCA",0.0,0.0,0.0
2040,"LKA","LKA",0.0,0.0,0.0
2040,"LSO","LSO",0.0,0.0,0.0
2040,"LTU","LTU",0.0,0.0,0.0
2040,"LUX","LUX",0.0,0.0,0.0
2040,"LVA","LVA",0.0,0.0,0.0
2040,"MAC","MAC",0.0,0.0,0.0
2040,"MAR","MAR",0.0,0.0,0.0
2040,"MDA","MDA",0.0,0.0,0.0
2040,"MDG","MDG",0.0,0.0,0.0
2040,"MDV","MDV",0.0,0.0,0.0
2040,"MEX","MEX",0.0,0.0,0.0
2040,"MKD","MKD",0.0,0.0,0.0
2040,"MLI","MLI",0.0,0.0,0.0
2040,"MLT","MLT",0.0,0.0,0.0
2040,"MMR","MMR",0.0,0.0,0.0
2040,"MNE","MNE",0.0,0.0,0.0
2040,"MNG","MNG",0.0,0.0,0.0
2040,"MOZ","MOZ",0.0,0.0,0.0
2040,"MRT","MRT",0.0,0.0,0.0
2040,"MUS","MUS",0.0,0.0,0.0
2040,"MWI","MWI",0.0,0.0,0.0
2040,"MYS","MYS",0.0,0.0,0.0
2040,"NAM","NAM",0.0,0.0,0.0
2040,"NCL","NCL",0.0,0.0,0.0
2040,"NER","NER",0.0,0.0,0.0
2040,"NGA","NGA",0.0,0.0,0.0
2040,"NIC","NIC",0.0,0.0,0.0
2040,"NLD","NLD",0.0,0.0,0.0
2040,"NOR","NOR",0.0,0.0,0.0
2040,"NPL","NPL",0.0,0.0,0.0
2040,"NZL","NZL",0.0,0.0,0.0
2040,"OMN","OMN",0.0,0.0,0.0
2040,"PAK","PAK",0.0,0.0,0.0
2040,"PAN","PAN",0.0,0.0,0.0
2040,"PER","PER",0.0,0.0,0.0
2040,"PHL","PHL",0.0,0.0,0.0
2040,"PNG","PNG",0.0,0.0,0.0
2040,"POL","POL",0.0,0.0,0.0
2040,"PRI","PRI",0.0,0.0,0.0
2040,"PRT","PRT",0.0,0.0,0.0
2040,"PRY","PRY",0.0,0.0,0.0
2040,"PSE","PSE",0.0,0.0,0.0
2040,"PYF","PYF",0.0,0.0,0.0
2040,"QAT","QAT",0.0,0.0,0.0
2040,"ROU","ROU",0.0,0.0,0.0
2040,"RUS","RUS",0.0,0.0,0.0
2040,"RWA","RWA",0.0,0.0,0.0
2040,"SAU","SAU",0.0,0.0,0.0
2040,"SDN","SDN",0.0,0.0,0.0
2040,"SEN","SEN",0.0,0.0,0.0
2040,"SGP","SGP",0.0,0.0,0.0
2040,"SLB","SLB",0.0,0.0,0.0
2040,"SLE","SLE",0.0,0.0,0.0
2040,"SLV","SLV",0.0,0.0,0.0
2040,"SOM","SOM",0.0,0.0,0.0
2040,"SRB","SRB",0.0,0.0,0.0
2040,"STP","STP",0.0,0.0,0.0
2040,"SUR","SUR",0.0,0.0,0.0
2040,"SVK","SVK",0.0,0.0,0.0
2040,"SVN","SVN",0.0,0.0,0.0
2040,"SWE","SWE",0.0,0.0,0.0
2040,"SWZ","SWZ",0.0,0.0,0.0
2040,"SYR","SYR",0.0,0.0,0.0
2040,"TCD","TCD",0.0,0.0,0.0
2040,"TGO","TGO",0.0,0.0,0.0
2040,"THA","THA",0.0,0.0,0.0
2040,"TJK","TJK",0.0,0.0,0.0
2040,"TKM","TKM",0.0,0.0,0.0
2040,"TLS","TLS",0.0,0.0,0.0
2040,"TON","TON",0.0,0.0,0.0
2040,"TTO","TTO",0.0,0.0,0.0
2040,"TUN","TUN",0.0,0.0,0.0
2040,"TUR","TUR",0.0,0.0,0.0
2040,"TWN","TWN",0.0,0.0,0.0
2040,"TZA","TZA",0.0,0.0,0.0
2040,"UGA","UGA",0.0,0.0,0.0
2040,"UKR","UKR",0.0,0.0,0.0
2040,"URY","URY",0.0,0.0,0.0
2040,"USA","USA",0.0,0.0,0.0
2040,"UZB","UZB",0.0,0.0,0.0
2040,"VCT","VCT",0.0,0.0,0.0
2040,"VEN","VEN",0.0,0.0,0.0
2040,"VNM","VNM",0.0,0.0,0.0
2040,"VUT","VUT",0.0,0.0,0.0
2040,"WSM","WSM",0.0,0.0,0.0
2040,"YEM","YEM",0.0,0.0,0.0
2040,"ZAF","ZAF",0.0,0.0,0.0
2040,"ZMB","ZMB",0.0,0.0,0.0
2040,"ZWE","ZWE",0.0,0.0,0.0
2050,"ABW","ABW",0.11177998833689842,0.10962645778125171,0.002153530555646714
2050,"AFG","AFG",87748.11664940146,86237.55147196447,1510.5651774369971
2050,"AGO","AGO",23227.970908404903,22838.128449211,389.8424591939073
2050,"ALB","ALB",154.1186474089726,151.9653329611325,2.153314447840126
2050,"ARE","ARE",12616.35652695362,12451.542207396802,164.8143195568195
2050,"ARG","ARG",440758.38873785373,433383.1334927971,7375.255245056644
2050,"ARM","ARM",275.614291190588,271.0798608758661,4.5344303147219005
2050,"AUS","AUS",36374.023921673346,35825.66719766454,548.35672400881
2050,"AUT","AUT",0.0,0.0,0.0
2050,"AZE","AZE",0.0,0.0,0.0
2050,"BDI","BDI",0.0,0.0,0.0
2050,"BEL","BEL",0.0,0.0,0.0
2050,"BEN","BEN",0.0,0.0,0.0
2050,"BFA","BFA",0.0,0.0,0.0
2050,"BGD","BGD",0.0,0.0,0.0
2050,"BGR","BGR",0.0,0.0,0.0
2050,"BHR","BHR",0.0,0.0,0.0
2050,"BHS","BHS",0.0,0.0,0.0
2050,"BIH","BIH",0.0,0.0,0.0
2050,"BLR","BLR",0.0,0.0,0.0
2050,"BLZ","BLZ",0.0,0.0,0.0
2050,"BOL","BOL",0.0,0.0,0.0
2050,"BRA","BRA",0.0,0.0,0.0
2050,"BRB","BRB",0.0,0.0,0.0
2050,"BRN","BRN",0.0,0.0,0.0
2050,"BTN","BTN",0.0,0.0,0.0
2050,"BWA","BWA",0.0,0.0,0.0
2050,"CAF","CAF",0.0,0.0,0.0
2050,"CAN","CAN",0.0,0.0,0.0
2050,"CHE","CHE",0.0,0.0,0.0
2050,"CHL","CHL",0.0,0.0,0.0
2050,"CHN","CHN",0.0,0.0,0.0
2050,"CIV","CIV",0.0,0.0,0.0
2050,"CMR","CMR",0.0,0.0,0.0
2050,"COD","COD",0.0,0.0,0.0
2050,"COG","COG",0.0,0.0,0.0
2050,"COL","COL",0.0,0.0,0.0
2050,"COM","COM",0.0,0.0,0.0
2050,"CPV","CPV",0.0,0.0,0.0
2050,"CRI","CRI",0.0,0.0,0.0
2050,"CUB","CUB",0.0,0.0,0.0
2050,"CYP","CYP",0.0,0.0,0.0
2050,"CZE","CZE",0.0,0.0,0.0
2050,"DEU","DEU",0.0,0.0,0.0
2050,"DJI","DJI",0.0,0.0,0.0
2050,"DNK","DNK",0.0,0.0,0.0
2050,"DOM","DOM",0.0,0.0,0.0
2050,"DZA","DZA",0.0,0.0,0.0
2050,"ECU","ECU",0.0,0.0,0.0
2050,"EGY","EGY",0.0,0.0,0.0
2050,"ERI","ERI",0.0,0.0,0.0
2050,"ESP","ESP",0.0,0.0,0.0
2050,"EST","EST",0.0,0.0,0.0
2050,"ETH","ETH",0.0,0.0,0.0
2050,"FIN","FIN",0.0,0.0,0.0
2050,"FJI","FJI",0.0,0.0,0.0
2050,"FRA","FRA",0.0,0.0,0.0
2050,"GAB","GAB",0.0,0.0,0.0
2050,"GBR","GBR",0.0,0.0,0.0
2050,"GEO","GEO",0.0,0.0,0.0
2050,"GHA","GHA",0.0,0.0,0.0
2050,"GIN","GIN",0.0,0.0,0.0
2050,"GMB","GMB",0.0,0.0,0.0
2050,"GNB","GNB",0.0,0.0,0.0
2050,"GNQ","GNQ",0.0,0.0,0.0
2050,"GRC","GRC",0.0,0.0,0.0
2050,"GTM","GTM",0.0,0.0,0.0
2050,"GUY","GUY",0.0,0.0,0.0
2050,"HKG","HKG",0.0,0.0,0.0
2050,"HND","HND",0.0,0.0,0.0
2050,"HRV","HRV",0.0,0.0,0.0
2050,"HTI","HTI",0.0,0.0,0.0
2050,"HUN","HUN",0.0,0.0,0.0
2050,"IDN","IDN",0.0,0.0,0.0
2050,"IND","IND",0.0,0.0,0.0
2050,"IRL","IRL",0.0,0.0,0.0
2050,"IRN","IRN",0.0,0.0,0.0
2050,"IRQ","IRQ",0.0,0.0,0.0
2050,"ISL","ISL",0.0,0.0,0.0
2050,"ISR","ISR",0.0,0.0,0.0
2050,"ITA","ITA",0.0,0.0,0.0
2050,"JAM","JAM",0.0,0.0,0.0
2050,"JOR","JOR",0.0,0.0,0.0
2050,"JPN","JPN",0.0,0.0,0.0
2050,"KAZ","KAZ",0.0,0.0,0.0
2050,"KEN","KEN",0.0,0.0,0.0
2050,"KGZ","KGZ",0.0,0.0,0.0
2050,"KHM","KHM",0.0,0.0,0.0
2050,"KOR","KOR",0.0,0.0,0.0
2050,"KWT","KWT",0.0,0.0,0.0
2050,"LAO","LAO",0.0,0.0,0.0
2050,"LBN","LBN",0.0,0.0,0.0
2050,"LBR","LBR",0.0,0.0,0.0
2050,"LBY","LBY",0.0,0.0,0.0
2050,"LCA","LCA",0.0,0.0,0.0
2050,"LKA","LKA",0.0,0.0,0.0
2050,"LSO","LSO",0.0,0.0,0.0
2050,"LTU","LTU",0.0,0.0,0.0
2050,"LUX","LUX",0.0,0.0,0.0
2050,"LVA","LVA",0.0,0.0,0.0
2050,"MAC","MAC",0.0,0.0,0.0
2050,"MAR","MAR",0.0,0.0,0.0
2050,"MDA","MDA",0.0,0.0,0.0
2050,"MDG","MDG",0.0,0.0,0.0
2050,"MDV","MDV",0.0,0.0,0.0
2050,"MEX","MEX",0.0,0.0,0.0
2050,"MKD","MKD",0.0,0.0,0.0
2050,"MLI","MLI",0.0,0.0,0.0
2050,"MLT","MLT",0.0,0.0,0.0
2050,"MMR","MMR",0.0,0.0,0.0
2050,"MNE","MNE",0.0,0.0,0.0
2050,"MNG","MNG",0.0,0.0,0.0
2050,"MOZ","MOZ",0.0,0.0,0.0
2050,"MRT","MRT",0.0,0.0,0.0
2050,"MUS","MUS",0.0,0.0,0.0
2050,"MWI","MWI",0.0,0.0,0.0
2050,"MYS","MYS",0.0,0.0,0.0
2050,"NAM","NAM",0.0,0.0,0.0
2050,"NCL","NCL",0.0,0.0,0.0
2050,"NER","NER",0.0,0.0,0.0
2050,"NGA","NGA",0.0,0.0,0.0
2050,"NIC","NIC",0.0,0.0,0.0
2050,"NLD","NLD",0.0,0.0,0.0
2050,"NOR","NOR",0.0,0.0,0.0
2050,"NPL","NPL",0.0,0.0,0.0
2050,"NZL","NZL",0.0,0.0,0.0
2050,"OMN","OMN",0.0,0.0,0.0
2050,"PAK","PAK",0.0,0.0,0.0
2050,"PAN","PAN",0.0,0.0,0.0
2050,"PER","PER",0.0,0.0,0.0
2050,"PHL","PHL",0.0,0.0,0.0
2050,"PNG","PNG",0.0,0.0,0.0
2050,"POL","POL",0.0,0.0,0.0
2050,"PRI","PRI",0.0,0.0,0.0
2050,"PRT","PRT",0.0,0.0,0.0
2050,"PRY","PRY",0.0,0.0,0.0
2050,"PSE","PSE",0.0,0.0,0.0
2050,"PYF","PYF",0.0,0.0,0.0
2050,"QAT","QAT",0.0,0.0,0.0
2050,"ROU","ROU",0.0,0.0,0.0
2050,"RUS","RUS",0.0,0.0,0.0
2050,"RWA","RWA",0.0,0.0,0.0
2050,"SAU","SAU",0.0,0.0,0.0
2050,"SDN","SDN",0.0,0.0,0.0
2050,"SEN","SEN",0.0,0.0,0.0
2050,"SGP","SGP",0.0,0.0,0.0
2050,"SLB","SLB",0.0,0.0,0.0
2050,"SLE","SLE",0.0,0.0,0.0
2050,"SLV","SLV",0.0,0.0,0.0
2050,"SOM","SOM",0.0,0.0,0.0
2050,"SRB","SRB",0.0,0.0,0.0
2050,"STP","STP",0.0,0.0,0.0
2050,"SUR","SUR",0.0,0.0,0.0
2050,"SVK","SVK",0.0,0.0,0.0
2050,"SVN","SVN",0.0,0.0,0.0
2050,"SWE","SWE",0.0,0.0,0.0
2050,"SWZ","SWZ",0.0,0.0,0.0
2050,"SYR","SYR",0.0,0.0,0.0
2050,"TCD","TCD",0.0,0.0,0.0
2050,"TGO","TGO",0.0,0.0,0.0
2050,"THA","THA",0.0,0.0,0.0
2050,"TJK","TJK",0.0,0.0,0.0
2050,"TKM","TKM",0.0,0.0,0.0
2050,"TLS","TLS",0.0,0.0,0.0
2050,"TON","TON",0.0,0.0,0.0
2050,"TTO","TTO",0.0,0.0,0.0
2050,"TUN","TUN",0.0,0.0,0.0
2050,"TUR","TUR",0.0,0.0,0.0
2050,"TWN","TWN",0.0,0.0,0.0
2050,"TZA","TZA",0.0,0.0,0.0
2050,"UGA","UGA",0.0,0.0,0.0
2050,"UKR","UKR",0.0,0.0,0.0
2050,"URY","URY",0.0,0.0,0.0
2050,"USA","USA",0.0,0.0,0.0
2050,"UZB","UZB",0.0,0.0,0.0
2050,"VCT","VCT",0.0,0.0,0.0
2050,"VEN","VEN",0.0,0.0,0.0
2050,"VNM","VNM",0.0,0.0,0.0
2050,"VUT","VUT",0.0,0.0,0.0
2050,"WSM","WSM",0.0,0.0,0.0
2050,"YEM","YEM",0.0,0.0,0.0
2050,"ZAF","ZAF",0.0,0.0,0.0
2050,"ZMB","ZMB",0.0,0.0,0.0
2050,"ZWE","ZWE",0.0,0.0,0.0
2060,"ABW","ABW",0.17271021049574553,0.16834099216312284,0.0043692183326226606
2060,"AFG","AFG",175357.98236966805,171398.81013442323,3959.172235244836
2060,"AGO","AGO",38951.808543905005,38092.67849579315,859.1300481118478
2060,"ALB","ALB",155.39441781707654,152.53377953683142,2.8606382802451376
2060,"ARE","ARE",15302.176733281462,15040.448502601737,261.7282306797249
2060,"ARG","ARG",544065.4835020094,532161.9159008112,11903.567601198156
2060,"ARM","ARM",288.071430971607,281.8703625743459,6.201068397261089
2060,"AUS","AUS",46205.58328702947,45293.9537358884,911.6295511410729
2060,"AUT","AUT",0.0,0.0,0.0
2060,"AZE","AZE",0.0,0.0,0.0
2060,"BDI","BDI",0.0,0.0,0.0
2060,"BEL","BEL",0.0,0.0,0.0
2060,"BEN","BEN",0.0,0.0,0.0
2060,"BFA","BFA",0.0,0.0,0.0
2060,"BGD","BGD",0.0,0.0,0.0
2060,"BGR","BGR",0.0,0.0,0.0
2060,"BHR","BHR",0.0,0.0,0.0
2060,"BHS","BHS",0.0,0.0,0.0
2060,"BIH","BIH",0.0,0.0,0.0
2060,"BLR","BLR",0.0,0.0,0.0
2060,"BLZ","BLZ",0.0,0.0,0.0
2060,"BOL","BOL",0.0,0.0,0.0
2060,"BRA","BRA",0.0,0.0,0.0
2060,"BRB","BRB",0.0,0.0,0.0
2060,"BRN","BRN",0.0,0.0,0.0
2060,"BTN","BTN",0.0,0.0,0.0
2060,"BWA","BWA",0.0,0.0,0.0
2060,"CAF","CAF",0.0,0.0,0.0
2060,"CAN","CAN",0.0,0.0,0.0
2060,"CHE","CHE",0.0,0.0,0.0
2060,"CHL","CHL",0.0,0.0,0.0
2060,"CHN","CHN",0.0,0.0,0.0
2060,"CIV","CIV",0.0,0.0,0.0
2060,"CMR","CMR",0.0,0.0,0.0
2060,"COD","COD",0.0,0.0,0.0
2060,"COG","COG",0.0,0.0,0.0
2060,"COL","COL",0.0,0.0,0.0
2060,"COM","COM",0.0,0.0,0.0
2060,"CPV","CPV",0.0,0.0,0.0
2060,"CRI","CRI",0.0,0.0,0.0
2060,"CUB","CUB",0.0,0.0,0.0
2060,"CYP","CYP",0.0,0.0,0.0
2060,"CZE","CZE",0.0,0.0,0.0
2060,"DEU","DEU",0.0,0.0,0.0
2060,"DJI","DJI",0.0,0.0,0.0
2060,"DNK","DNK",0.0,0.0,0.0
2060,"DOM","DOM",0.0,0.0,0.0
2060,"DZA","DZA",0.0,0.0,0.0
2060,"ECU","ECU",0.0,0.0,0.0
2060,"EGY","EGY",0.0,0.0,0.0
2060,"ERI","ERI",0.0,0.0,0.0
2060,"ESP","ESP",0.0,0.0,0.0
2060,"EST","EST",0.0,0.0,0.0
2060,"ETH","ETH",0.0,0.0,0.0
2060,"FIN","FIN",0.0,0.0,0.0
2060,"FJI","FJI",0.0,0.0,0.0
2060,"FRA","FRA",0.0,0.0,0.0
2060,"GAB","GAB",0.0,0.0,0.0
2060,"GBR","GBR",0.0,0.0,0.0
2060,"GEO","GEO",0.0,0.0,0.0
2060,"GHA","GHA",0.0,0.0,0.0
2060,"GIN","GIN",0.0,0.0,0.0
2060,"GMB","GMB",0.0,0.0,0.0
2060,"GNB","GNB",0.0,0.0,0.0
2060,"GNQ","GNQ",0.0,0.0,0.0
2060,"GRC","GRC",0.0,0.0,0.0
2060,"GTM","GTM",0.0,0.0,0.0
2060,"GUY","GUY",0.0,0.0,0.0
2060,"HKG","HKG",0.0,0.0,0.0
2060,"HND","HND",0.0,0.0,0.0
2060,"HRV","HRV",0.0,0.0,0.0
2060,"HTI","HTI",0.0,0.0,0.0
2060,"HUN","HUN",0.0,0.0,0.0
2060,"IDN","IDN",0.0,0.0,0.0
2060,"IND","IND",0.0,0.0,0.0
2060,"IRL","IRL",0.0,0.0,0.0
2060,"IRN","IRN",0.0,0.0,0.0
2060,"IRQ","IRQ",0.0,0.0,0.0
2060,"ISL","ISL",0.0,0.0,0.0
2060,"ISR","ISR",0.0,0.0,0.0
2060,"ITA","ITA",0.0,0.0,0.0
2060,"JAM","JAM",0.0,0.0,0.0
2060,"JOR","JOR",0.0,0.0,0.0
2060,"JPN","JPN",0.0,0.0,0.0
2060,"KAZ","KAZ",0.0,0.0,0.0
2060,"KEN","KEN",0.0,0.0,0.0
2060,"KGZ","KGZ",0.0,0.0,0.0
2060,"KHM","KHM",0.0,0.0,0.0
2060,"KOR","KOR",0.0,0.0,0.0
2060,"KWT","KWT",0.0,0.0,0.0
2060,"LAO","LAO",0.0,0.0,0.0
2060,"LBN","LBN",0.0,0.0,0.0
2060,"LBR","LBR",0.0,0.0,0.0
2060,"LBY","LBY",0.0,0.0,0.0
2060,"LCA","LCA",0.0,0.0,0.0
2060,"LKA","LKA",0.0,0.0,0.0
2060,"LSO","LSO",0.0,0.0,0.0
2060,"LTU","LTU",0.0,0.0,0.0
2060,"LUX","LUX",0.0,0.0,0.0
2060,"LVA","LVA",0.0,0.0,0.0
2060,"MAC","MAC",0.0,0.0,0.0
2060,"MAR","MAR",0.0,0.0,0.0
2060,"MDA","MDA",0.0,0.0,0.0
2060,"MDG","MDG",0.0,0.0,0.0
2060,"MDV","MDV",0.0,0.0,0.0
2060,"MEX","MEX",0.0,0.0,0.0
2060,"MKD","MKD",0.0,0.0,0.0
2060,"MLI","MLI",0.0,0.0,0.0
2060,"MLT","MLT",0.0,0.0,0.0
2060,"MMR","MMR",0.0,0.0,0.0
2060,"MNE","MNE",0.0,0.0,0.0
2060,"MNG","MNG",0.0,0.0,0.0
2060,"MOZ","MOZ",0.0,0.0,0.0
2060,"MRT","MRT",0.0,0.0,0.0
2060,"MUS","MUS",0.0,0.0,0.0
2060,"MWI","MWI",0.0,0.0,0.0
2060,"MYS","MYS",0.0,0.0,0.0
2060,"NAM","NAM",0.0,0.0,0.0
2060,"NCL","NCL",0.0,0.0,0.0
2060,"NER","NER",0.0,0.0,0.0
2060,"NGA","NGA",0.0,0.0,0.0
2060,"NIC","NIC",0.0,0.0,0.0
2060,"NLD","NLD",0.0,0.0,0.0
2060,"NOR","NOR",0.0,0.0,0.0
2060,"NPL","NPL",0.0,0.0,0.0
2060,"NZL","NZL",0.0,0.0,0.0
2060,"OMN","OMN",0.0,0.0,0.0
2060,"PAK","PAK",0.0,0.0,0.0
2060,"PAN","PAN",0.0,0.0,0.0
2060,"PER","PER",0.0,0.0,0.0
2060,"PHL","PHL",0.0,0.0,0.0
2060,"PNG","PNG",0.0,0.0,0.0
2060,"POL","POL",0.0,0.0,0.0
2060,"PRI","PRI",0.0,0.0,0.0
2060,"PRT","PRT",0.0,0.0,0.0
2060,"PRY","PRY",0.0,0.0,0.0
2060,"PSE","PSE",0.0,0.0,0.0
2060,"PYF","PYF",0.0,0.0,0.0
2060,"QAT","QAT",0.0,0.0,0.0
2060,"ROU","ROU",0.0,0.0,0.0
2060,"RUS","RUS",0.0,0.0,0.0
2060,"RWA","RWA",0.0,0.0,0.0
2060,"SAU","SAU",0.0,0.0,0.0
2060,"SDN","SDN",0.0,0.0,0.0
2060,"SEN","SEN",0.0,0.0,0.0
2060,"SGP","SGP",0.0,0.0,0.0
2060,"SLB","SLB",0.0,0.0,0.0
2060,"SLE","SLE",0.0,0.0,0.0
2060,"SLV","SLV",0.0,0.0,0.0
2060,"SOM","SOM",0.0,0.0,0.0
2060,"SRB","SRB",0.0,0.0,0.0
2060,"STP","STP",0.0,0.0,0.0
2060,"SUR","SUR",0.0,0.0,0.0
2060,"SVK","SVK",0.0,0.0,0.0
2060,"SVN","SVN",0.0,0.0,0.0
2060,"SWE","SWE",0.0,0.0,0.0
2060,"SWZ","SWZ",0.0,0.0,0.0
2060,"SYR","SYR",0.0,0.0,0.0
2060,"TCD","TCD",0.0,0.0,0.0
2060,"TGO","TGO",0.0,0.0,0.0
2060,"THA","THA",0.0,0.0,0.0
2060,"TJK","TJK",0.0,0.0,0.0
2060,"TKM","TKM",0.0,0.0,0.0
2060,"TLS","TLS",0.0,0.0,0.0
2060,"TON","TON",0.0,0.0,0.0
2060,"TTO","TTO",0.0,0.0,0.0
2060,"TUN","TUN",0.0,0.0,0.0
2060,"TUR","TUR",0.0,0.0,0.0
2060,"TWN","TWN",0.0,0.0,0.0
2060,"TZA","TZA",0.0,0.0,0.0
2060,"UGA","UGA",0.0,0.0,0.0
2060,"UKR","UKR",0.0,0.0,0.0
2060,"URY","URY",0.0,0.0,0.0
2060,"USA","USA",0.0,0.0,0.0
2060,"UZB","UZB",0.0,0.0,0.0
2060,"VCT","VCT",0.0,0.0,0.0
2060,"VEN","VEN",0.0,0.0,0.0
2060,"VNM","VNM",0.0,0.0,0.0
2060,"VUT","VUT",0.0,0.0,0.0
2060,"WSM","WSM",0.0,0.0,0.0
2060,"YEM","YEM",0.0,0.0,0.0
2060,"ZAF","ZAF",0.0,0.0,0.0
2060,"ZMB","ZMB",0.0,0.0,0.0
2060,"ZWE","ZWE",0.0,0.0,0.0
2070,"ABW","ABW",0.2596189711691216,0.25161055154005074,0.008008419629070875
2070,"AFG","AFG",326190.1575033901,317219.8295089004,8970.327994489671
2070,"AGO","AGO",64898.45550736958,63151.80259613046,1746.652911239128
2070,"ALB","ALB",149.89292919825752,146.51813757623776,3.374791622019758
2070,"ARE","ARE",17657.635101711166,17290.331898366134,367.3032033450328
2070,"ARG","ARG",644561.2621673315,627431.25204784,17130.01011949143
2070,"ARM","ARM",300.02946687197306,292.1795744850982,7.84989238687486
2070,"AUS","AUS",57953.89769086286,56563.829901061414,1390.0677898014449
2070,"AUT","AUT",0.0,0.0,0.0
2070,"AZE","AZE",0.0,0.0,0.0
2070,"BDI","BDI",0.0,0.0,0.0
2070,"BEL","BEL",0.0,0.0,0.0
2070,"BEN","BEN",0.0,0.0,0.0
2070,"BFA","BFA",0.0,0.0,0.0
2070,"BGD","BGD",0.0,0.0,0.0
2070,"BGR","BGR",0.0,0.0,0.0
2070,"BHR","BHR",0.0,0.0,0.0
2070,"BHS","BHS",0.0,0.0,0.0
2070,"BIH","BIH",0.0,0.0,0.0
2070,"BLR","BLR",0.0,0.0,0.0
2070,"BLZ","BLZ",0.0,0.0,0.0
2070,"BOL","BOL",0.0,0.0,0.0
2070,"BRA","BRA",0.0,0.0,0.0
2070,"BRB","BRB",0.0,0.0,0.0
2070,"BRN","BRN",0.0,0.0,0.0
2070,"BTN","BTN",0.0,0.0,0.0
2070,"BWA","BWA",0.0,0.0,0.0
2070,"CAF","CAF",0.0,0.0,0.0
2070,"CAN","CAN",0.0,0.0,0.0
2070,"CHE","CHE",0.0,0.0,0.0
2070,"CHL","CHL",0.0,0.0,0.0
2070,"CHN","CHN",0.0,0.0,0.0
2070,"CIV","CIV",0.0,0.0,0.0
2070,"CMR","CMR",0.0,0.0,0.0
2070,"COD","COD",0.0,0.0,0.0
2070,"COG","COG",0.0,0.0,0.0
2070,"COL","COL",0.0,0.0,0.0
2070,"COM","COM",0.0,0.0,0.0
2070,"CPV","CPV",0.0,0.0,0.0
2070,"CRI","CRI",0.0,0.0,0.0
2070,"CUB","CUB",0.0,0.0,0.0
2070,"CYP","CYP",0.0,0.0,0.0
2070,"CZE","CZE",0.0,0.0,0.0
2070,"DEU","DEU",0.0,0.0,0.0
2070,"DJI","DJI",0.0,0.0,0.0
2070,"DNK","DNK",0.0,0.0,0.0
2070,"DOM","DOM",0.0,0.0,0.0
2070,"DZA","DZA",0.0,0.0,0.0
2070,"ECU","ECU",0.0,0.0,0.0
2070,"EGY","EGY",0.0,0.0,0.0
2070,"ERI","ERI",0.0,0.0,0.0
2070,"ESP","ESP",0.0,0.0,0.0
2070,"EST","EST",0.0,0.0,0.0
2070,"ETH","ETH",0.0,0.0,0.0
2070,"FIN","FIN",0.0,0.0,0.0
2070,"FJI","FJI",0.0,0.0,0.0
2070,"FRA","FRA",0.0,0.0,0.0
2070,"GAB","GAB",0.0,0.0,0.0
2070,"GBR","GBR",0.0,0.0,0.0
2070,"GEO","GEO",0.0,0.0,0.0
2070,"GHA","GHA",0.0,0.0,0.0
2070,"GIN","GIN",0.0,0.0,0.0
2070,"GMB","GMB",0.0,0.0,0.0
2070,"GNB","GNB",0.0,0.0,0.0
2070,"GNQ","GNQ",0.0,0.0,0.0
2070,"GRC","GRC",0.0,0.0,0.0
2070,"GTM","GTM",0.0,0.0,0.0
2070,"GUY","GUY",0.0,0.0,0.0
2070,"HKG","HKG",0.0,0.0,0.0
2070,"HND","HND",0.0,0.0,0.0
2070,"HRV","HRV",0.0,0.0,0.0
2070,"HTI","HTI",0.0,0.0,0.0
2070,"HUN","HUN",0.0,0.0,0.0
2070,"IDN","IDN",0.0,0.0,0.0
2070,"IND","IND",0.0,0.0,0.0
2070,"IRL","IRL",0.0,0.0,0.0
2070,"IRN","IRN",0.0,0.0,0.0
2070,"IRQ","IRQ",0.0,0.0,0.0
2070,"ISL","ISL",0.0,0.0,0.0
2070,"ISR","ISR",0.0,0.0,0.0
2070,"ITA","ITA",0.0,0.0,0.0
2070,"JAM","JAM",0.0,0.0,0.0
2070,"JOR","JOR",0.0,0.0,0.0
2070,"JPN","JPN",0.0,0.0,0.0
2070,"KAZ","KAZ",0.0,0.0,0.0
2070,"KEN","KEN",0.0,0.0,0.0
2070,"KGZ","KGZ",0.0,0.0,0.0
2070,"KHM","KHM",0.0,0.0,0.0
2070,"KOR","KOR",0.0,0.0,0.0
2070,"KWT","KWT",0.0,0.0,0.0
2070,"LAO","LAO",0.0,0.0,0.0
2070,"LBN","LBN",0.0,0.0,0.0
2070,"LBR","LBR",0.0,0.0,0.0
2070,"LBY","LBY",0.0,0.0,0.0
2070,"LCA","LCA",0.0,0.0,0.0
2070,"LKA","LKA",0.0,0.0,0.0
2070,"LSO","LSO",0.0,0.0,0.0
2070,"LTU","LTU",0.0,0.0,0.0
2070,"LUX","LUX",0.0,0.0,0.0
2070,"LVA","LVA",0.0,0.0,0.0
2070,"MAC","MAC",0.0,0.0,0.0
2070,"MAR","MAR",0.0,0.0,0.0
2070,"MDA","MDA",0.0,0.0,0.0
2070,"MDG","MDG",0.0,0.0,0.0
2070,"MDV","MDV",0.0,0.0,0.0
2070,"MEX","MEX",0.0,0.0,0.0
2070,"MKD","MKD",0.0,0.0,0.0
2070,"MLI","MLI",0.0,0.0,0.0
2070,"MLT","MLT",0.0,0.0,0.0
2070,"MMR","MMR",0.0,0.0,0.0
2070,"MNE","MNE",0.0,0.0,0.0
2070,"MNG","MNG",0.0,0.0,0.0
2070,"MOZ","MOZ",0.0,0.0,0.0
2070,"MRT","MRT",0.0,0.0,0.0
2070,"MUS","MUS",0.0,0.0,0.0
2070,"MWI","MWI",0.0,0.0,0.0
2070,"MYS","MYS",0.0,0.0,0.0
2070,"NAM","NAM",0.0,0.0,0.0
2070,"NCL","NCL",0.0,0.0,0.0
2070,"NER","NER",0.0,0.0,0.0
2070,"NGA","NGA",0.0,0.0,0.0
2070,"NIC","NIC",0.0,0.0,0.0
2070,"NLD","NLD",0.0,0.0,0.0
2070,"NOR","NOR",0.0,0.0,0.0
2070,"NPL","NPL",0.0,0.0,0.0
2070,"NZL","NZL",0.0,0.0,0.0
2070,"OMN","OMN",0.0,0.0,0.0
2070,"PAK","PAK",0.0,0.0,0.0
2070,"PAN","PAN",0.0,0.0,0.0
2070,"PER","PER",0.0,0.0,0.0
2070,"PHL","PHL",0.0,0.0,0.0
2070,"PNG","PNG",0.0,0.0,0.0
2070,"POL","POL",0.0,0.0,0.0
2070,"PRI","PRI",0.0,0.0,0.0
2070,"PRT","PRT",0.0,0.0,0.0
2070,"PRY","PRY",0.0,0.0,0.0
2070,"PSE","PSE",0.0,0.0,0.0
2070,"PYF","PYF",0.0,0.0,0.0
2070,"QAT","QAT",0.0,0.0,0.0
2070,"ROU","ROU",0.0,0.0,0.0
2070,"RUS","RUS",0.0,0.0,0.0
2070,"RWA","RWA",0.0,0.0,0.0
2070,"SAU","SAU",0.0,0.0,0.0
2070,"SDN","SDN",0.0,0.0,0.0
2070,"SEN","SEN",0.0,0.0,0.0
2070,"SGP","SGP",0.0,0.0,0.0
2070,"SLB","SLB",0.0,0.0,0.0
2070,"SLE","SLE",0.0,0.0,0.0
2070,"SLV","SLV",0.0,0.0,0.0
2070,"SOM","SOM",0.0,0.0,0.0
2070,"SRB","SRB",0.0,0.0,0.0
2070,"STP","STP",0.0,0.0,0.0
2070,"SUR","SUR",0.0,0.0,0.0
2070,"SVK","SVK",0.0,0.0,0.0
2070,"SVN","SVN",0.0,0.0,0.0
2070,"SWE","SWE",0.0,0.0,0.0
2070,"SWZ","SWZ",0.0,0.0,0.0
2070,"SYR","SYR",0.0,0.0,0.0
2070,"TCD","TCD",0.0,0.0,0.0
2070,"TGO","TGO",0.0,0.0,0.0
2070,"THA","THA",0.0,0.0,0.0
2070,"TJK","TJK",0.0,0.0,0.0
2070,"TKM","TKM",0.0,0.0,0.0
2070,"TLS","TLS",0.0,0.0,0.0
2070,"TON","TON",0.0,0.0,0.0
2070,"TTO","TTO",0.0,0.0,0.0
2070,"TUN","TUN",0.0,0.0,0.0
2070,"TUR","TUR",0.0,0.0,0.0
2070,"TWN","TWN",0.0,0.0,0.0
2070,"TZA","TZA",0.0,0.0,0.0
2070,"UGA","UGA",0.0,0.0,0.0
2070,"UKR","UKR",0.0,0.0,0.0
2070,"URY","URY",0.0,0.0,0.0
2070,"USA","USA",0.0,0.0,0.0
2070,"UZB","UZB",0.0,0.0,0.0
2070,"VCT","VCT",0.0,0.0,0.0
2070,"VEN","VEN",0.0,0.0,0.0
2070,"VNM","VNM",0.0,0.0,0.0
2070,"VUT","VUT",0.0,0.0,0.0
2070,"WSM","WSM",0.0,0.0,0.0
2070,"YEM","YEM",0.0,0.0,0.0
2070,"ZAF","ZAF",0.0,0.0,0.0
2070,"ZMB","ZMB",0.0,0.0,0.0
2070,"ZWE","ZWE",0.0,0.0,0.0
2080,"ABW","ABW",0.37222507438898544,0.3591402573697089,0.013084817019276591
2080,"AFG","AFG",565619.5731732248,547907.8635563472,17711.709616877604
2080,"AGO","AGO",102318.23433843188,99178.33190291697,3139.902435514925
2080,"ALB","ALB",138.6028700968399,135.03851294971707,3.564357147122842
2080,"ARE","ARE",19417.814653599275,18958.41875528895,459.39589831032384
2080,"ARG","ARG",734953.6385309285,712759.0774950893,22194.56103583926
2080,"ARM","ARM",304.3846075480288,295.3310712558674,9.053536292161391
2080,"AUS","AUS",70633.90923628102,68707.55860401443,1926.3506322666017
2080,"AUT","AUT",0.0,0.0,0.0
2080,"AZE","AZE",0.0,0.0,0.0
2080,"BDI","BDI",0.0,0.0,0.0
2080,"BEL","BEL",0.0,0.0,0.0
2080,"BEN","BEN",0.0,0.0,0.0
2080,"BFA","BFA",0.0,0.0,0.0
2080,"BGD","BGD",0.0,0.0,0.0
2080,"BGR","BGR",0.0,0.0,0.0
2080,"BHR","BHR",0.0,0.0,0.0
2080,"BHS","BHS",0.0,0.0,0.0
2080,"BIH","BIH",0.0,0.0,0.0
2080,"BLR","BLR",0.0,0.0,0.0
2080,"BLZ","BLZ",0.0,0.0,0.0
2080,"BOL","BOL",0.0,0.0,0.0
2080,"BRA","BRA",0.0,0.0,0.0
2080,"BRB","BRB",0.0,0.0,0.0
2080,"BRN","BRN",0.0,0.0,0.0
2080,"BTN","BTN",0.0,0.0,0.0
2080,"BWA","BWA",0.0,0.0,0.0
2080,"CAF","CAF",0.0,0.0,0.0
2080,"CAN","CAN",0.0,0.0,0.0
2080,"CHE","CHE",0.0,0.0,0.0
2080,"CHL","CHL",0.0,0.0,0.0
2080,"CHN","CHN",0.0,0.0,0.0
2080,"CIV","CIV",0.0,0.0,0.0
2080,"CMR","CMR",0.0,0.0,0.0
2080,"COD","COD",0.0,0.0,0.0
2080,"COG","COG",0.0,0.0,0.0
2080,"COL","COL",0.0,0.0,0.0
2080,"COM","COM",0.0,0.0,0.0
2080,"CPV","CPV",0.0,0.0,0.0
2080,"CRI","CRI",0.0,0.0,0.0
2080,"CUB","CUB",0.0,0.0,0.0
2080,"CYP","CYP",0.0,0.0,0.0
2080,"CZE","CZE",0.0,0.0,0.0
2080,"DEU","DEU",0.0,0.0,0.0
2080,"DJI","DJI",0.0,0.0,0.0
2080,"DNK","DNK",0.0,0.0,0.0
2080,"DOM","DOM",0.0,0.0,0.0
2080,"DZA","DZA",0.0,0.0,0.0
2080,"ECU","ECU",0.0,0.0,0.0
2080,"EGY","EGY",0.0,0.0,0.0
2080,"ERI","ERI",0.0,0.0,0.0
2080,"ESP","ESP",0.0,0.0,0.0
2080,"EST","EST",0.0,0.0,0.0
2080,"ETH","ETH",0.0,0.0,0.0
2080,"FIN","FIN",0.0,0.0,0.0
2080,"FJI","FJI",0.0,0.0,0.0
2080,"FRA","FRA",0.0,0.0,0.0
2080,"GAB","GAB",0.0,0.0,0.0
2080,"GBR","GBR",0.0,0.0,0.0
2080,"GEO","GEO",0.0,0.0,0.0
2080,"GHA","GHA",0.0,0.0,0.0
2080,"GIN","GIN",0.0,0.0,0.0
2080,"GMB","GMB",0.0,0.0,0.0
2080,"GNB","GNB",0.0,0.0,0.0
2080,"GNQ","GNQ",0.0,0.0,0.0
2080,"GRC","GRC",0.0,0.0,0.0
2080,"GTM","GTM",0.0,0.0,0.0
2080,"GUY","GUY",0.0,0.0,0.0
2080,"HKG","HKG",0.0,0.0,0.0
2080,"HND","HND",0.0,0.0,0.0
2080,"HRV","HRV",0.0,0.0,0.0
2080,"HTI","HTI",0.0,0.0,0.0
2080,"HUN","HUN",0.0,0.0,0.0
2080,"IDN","IDN",0.0,0.0,0.0
2080,"IND","IND",0.0,0.0,0.0
2080,"IRL","IRL",0.0,0.0,0.0
2080,"IRN","IRN",0.0,0.0,0.0
2080,"IRQ","IRQ",0.0,0.0,0.0
2080,"ISL","ISL",0.0,0.0,0.0
2080,"ISR","ISR",0.0,0.0,0.0
2080,"ITA","ITA",0.0,0.0,0.0
2080,"JAM","JAM",0.0,0.0,0.0
2080,"JOR","JOR",0.0,0.0,0.0
2080,"JPN","JPN",0.0,0.0,0.0
2080,"KAZ","KAZ",0.0,0.0,0.0
2080,"KEN","KEN",0.0,0.0,0.0
2080,"KGZ","KGZ",0.0,0.0,0.0
2080,"KHM","KHM",0.0,0.0,0.0
2080,"KOR","KOR",0.0,0.0,0.0
2080,"KWT","KWT",0.0,0.0,0.0
2080,"LAO","LAO",0.0,0.0,0.0
2080,"LBN","LBN",0.0,0.0,0.0
2080,"LBR","LBR",0.0,0.0,0.0
2080,"LBY","LBY",0.0,0.0,0.0
2080,"LCA","LCA",0.0,0.0,0.0
2080,"LKA","LKA",0.0,0.0,0.0
2080,"LSO","LSO",0.0,0.0,0.0
2080,"LTU","LTU",0.0,0.0,0.0
2080,"LUX","LUX",0.0,0.0,0.0
2080,"LVA","LVA",0.0,0.0,0.0
2080,"MAC","MAC",0.0,0.0,0.0
2080,"MAR","MAR",0.0,0.0,0.0
2080,"MDA","MDA",0.0,0.0,0.0
2080,"MDG","MDG",0.0,0.0,0.0
2080,"MDV","MDV",0.0,0.0,0.0
2080,"MEX","MEX",0.0,0.0,0.0
2080,"MKD","MKD",0.0,0.0,0.0
2080,"MLI","MLI",0.0,0.0,0.0
2080,"MLT","MLT",0.0,0.0,0.0
2080,"MMR","MMR",0.0,0.0,0.0
2080,"MNE","MNE",0.0,0.0,0.0
2080,"MNG","MNG",0.0,0.0,0.0
2080,"MOZ","MOZ",0.0,0.0,0.0
2080,"MRT","MRT",0.0,0.0,0.0
2080,"MUS","MUS",0.0,0.0,0.0
2080,"MWI","MWI",0.0,0.0,0.0
2080,"MYS","MYS",0.0,0.0,0.0
2080,"NAM","NAM",0.0,0.0,0.0
2080,"NCL","NCL",0.0,0.0,0.0
2080,"NER","NER",0.0,0.0,0.0
2080,"NGA","NGA",0.0,0.0,0.0
2080,"NIC","NIC",0.0,0.0,0.0
2080,"NLD","NLD",0.0,0.0,0.0
2080,"NOR","NOR",0.0,0.0,0.0
2080,"NPL","NPL",0.0,0.0,0.0
2080,"NZL","NZL",0.0,0.0,0.0
2080,"OMN","OMN",0.0,0.0,0.0
2080,"PAK","PAK",0.0,0.0,0.0
2080,"PAN","PAN",0.0,0.0,0.0
2080,"PER","PER",0.0,0.0,0.0
2080,"PHL","PHL",0.0,0.0,0.0
2080,"PNG","PNG",0.0,0.0,0.0
2080,"POL","POL",0.0,0.0,0.0
2080,"PRI","PRI",0.0,0.0,0.0
2080,"PRT","PRT",0.0,0.0,0.0
2080,"PRY","PRY",0.0,0.0,0.0
2080,"PSE","PSE",0.0,0.0,0.0
2080,"PYF","PYF",0.0,0.0,0.0
2080,"QAT","QAT",0.0,0.0,0.0
2080,"ROU","ROU",0.0,0.0,0.0
2080,"RUS","RUS",0.0,0.0,0.0
2080,"RWA","RWA",0.0,0.0,0.0
2080,"SAU","SAU",0.0,0.0,0.0
2080,"SDN","SDN",0.0,0.0,0.0
2080,"SEN","SEN",0.0,0.0,0.0
2080,"SGP","SGP",0.0,0.0,0.0
2080,"SLB","SLB",0.0,0.0,0.0
2080,"SLE","SLE",0.0,0.0,0.0
2080,"SLV","SLV",0.0,0.0,0.0
2080,"SOM","SOM",0.0,0.0,0.0
2080,"SRB","SRB",0.0,0.0,0.0
2080,"STP","STP",0.0,0.0,0.0
2080,"SUR","SUR",0.0,0.0,0.0
2080,"SVK","SVK",0.0,0.0,0.0
2080,"SVN","SVN",0.0,0.0,0.0
2080,"SWE","SWE",0.0,0.0,0.0
2080,"SWZ","SWZ",0.0,0.0,0.0
2080,"SYR","SYR",0.0,0.0,0.0
2080,"TCD","TCD",0.0,0.0,0.0
2080,"TGO","TGO",0.0,0.0,0.0
2080,"THA","THA",0.0,0.0,0.0
2080,"TJK","TJK",0.0,0.0,0.0
2080,"TKM","TKM",0.0,0.0,0.0
2080,"TLS","TLS",0.0,0.0,0.0
2080,"TON","TON",0.0,0.0,0.0
2080,"TTO","TTO",0.0,0.0,0.0
2080,"TUN","TUN",0.0,0.0,0.0
2080,"TUR","TUR",0.0,0.0,0.0
2080,"TWN","TWN",0.0,0.0,0.0
2080,"TZA","TZA",0.0,0.0,0.0
2080,"UGA","UGA",0.0,0.0,0.0
2080,"UKR","UKR",0.0,0.0,0.0
2080,"URY","URY",0.0,0.0,0.0
2080,"USA","USA",0.0,0.0,0.0
2080,"UZB","UZB",0.0,0.0,0.0
2080,"VCT","VCT",0.0,0.0,0.0
2080,"VEN","VEN",0.0,0.0,0.0
2080,"VNM","VNM",0.0,0.0,0.0
2080,"VUT","VUT",0.0,0.0,0.0
2080,"WSM","WSM",0.0,0.0,0.0
2080,"YEM","YEM",0.0,0.0,0.0
2080,"ZAF","ZAF",0.0,0.0,0.0
2080,"ZMB","ZMB",0.0,0.0,0.0
2080,"ZWE","ZWE",0.0,0.0,0.0
2090,"ABW","ABW",0.5006632452353507,0.48125492730978475,0.019408317925565913
2090,"AFG","AFG",912090.6958818184,880615.846520294,31474.849361524437
2090,"AGO","AGO",149753.144448628,144683.05192854814,5070.092520079861
2090,"ALB","ALB",123.1356451921797,119.63710605769978,3.498539134479908
2090,"ARE","ARE",21029.38014899276,20481.624016169615,547.7561328231454
2090,"ARG","ARG",817523.0329705648,790363.0783788082,27159.95459175657
2090,"ARM","ARM",311.52464316933793,301.3270470298812,10.197596139456746
2090,"AUS","AUS",83652.79726848104,81141.64700338262,2511.150265098414
2090,"AUT","AUT",0.0,0.0,0.0
2090,"AZE","AZE",0.0,0.0,0.0
2090,"BDI","BDI",0.0,0.0,0.0
2090,"BEL","BEL",0.0,0.0,0.0
2090,"BEN","BEN",0.0,0.0,0.0
2090,"BFA","BFA",0.0,0.0,0.0
2090,"BGD","BGD",0.0,0.0,0.0
2090,"BGR","BGR",0.0,0.0,0.0
2090,"BHR","BHR",0.0,0.0,0.0
2090,"BHS","BHS",0.0,0.0,0.0
2090,"BIH","BIH",0.0,0.0,0.0
2090,"BLR","BLR",0.0,0.0,0.0
2090,"BLZ","BLZ",0.0,0.0,0.0
2090,"BOL","BOL",0.0,0.0,0.0
2090,"BRA","BRA",0.0,0.0,0.0
2090,"BRB","BRB",0.0,0.0,0.0
2090,"BRN","BRN",0.0,0.0,0.0
2090,"BTN","BTN",0.0,0.0,0.0
2090,"BWA","BWA",0.0,0.0,0.0
2090,"CAF","CAF",0.0,0.0,0.0
2090,"CAN","CAN",0.0,0.0,0.0
2090,"CHE","CHE",0.0,0.0,0.0
2090,"CHL","CHL",0.0,0.0,0.0
2090,"CHN","CHN",0.0,0.0,0.0
2090,"CIV","CIV",0.0,0.0,0.0
2090,"CMR","CMR",0.0,0.0,0.0
2090,"COD","COD",0.0,0.0,0.0
2090,"COG","COG",0.0,0.0,0.0
2090,"COL","COL",0.0,0.0,0.0
2090,"COM","COM",0.0,0.0,0.0
2090,"CPV","CPV",0.0,0.0,0.0
2090,"CRI","CRI",0.0,0.0,0.0
2090,"CUB","CUB",0.0,0.0,0.0
2090,"CYP","CYP",0.0,0.0,0.0
2090,"CZE","CZE",0.0,0.0,0.0
2090,"DEU","DEU",0.0,0.0,0.0
2090,"DJI","DJI",0.0,0.0,0.0
2090,"DNK","DNK",0.0,0.0,0.0
2090,"DOM","DOM",0.0,0.0,0.0
2090,"DZA","DZA",0.0,0.0,0.0
2090,"ECU","ECU",0.0,0.0,0.0
2090,"EGY","EGY",0.0,0.0,0.0
2090,"ERI","ERI",0.0,0.0,0.0
2090,"ESP","ESP",0.0,0.0,0.0
2090,"EST","EST",0.0,0.0,0.0
2090,"ETH","ETH",0.0,0.0,0.0
2090,"FIN","FIN",0.0,0.0,0.0
2090,"FJI","FJI",0.0,0.0,0.0
2090,"FRA","FRA",0.0,0.0,0.0
2090,"GAB","GAB",0.0,0.0,0.0
2090,"GBR","GBR",0.0,0.0,0.0
2090,"GEO","GEO",0.0,0.0,0.0
2090,"GHA","GHA",0.0,0.0,0.0
2090,"GIN","GIN",0.0,0.0,0.0
2090,"GMB","GMB",0.0,0.0,0.0
2090,"GNB","GNB",0.0,0.0,0.0
2090,"GNQ","GNQ",0.0,0.0,0.0
2090,"GRC","GRC",0.0,0.0,0.0
2090,"GTM","GTM",0.0,0.0,0.0
2090,"GUY","GUY",0.0,0.0,0.0
2090,"HKG","HKG",0.0,0.0,0.0
2090,"HND","HND",0.0,0.0,0.0
2090,"HRV","HRV",0.0,0.0,0.0
2090,"HTI","HTI",0.0,0.0,0.0
2090,"HUN","HUN",0.0,0.0,0.0
2090,"IDN","IDN",0.0,0.0,0.0
2090,"IND","IND",0.0,0.0,0.0
2090,"IRL","IRL",0.0,0.0,0.0
2090,"IRN","IRN",0.0,0.0,0.0
2090,"IRQ","IRQ",0.0,0.0,0.0
2090,"ISL","ISL",0.0,0.0,0.0
2090,"ISR","ISR",0.0,0.0,0.0
2090,"ITA","ITA",0.0,0.0,0.0
2090,"JAM","JAM",0.0,0.0,0.0
2090,"JOR","JOR",0.0,0.0,0.0
2090,"JPN","JPN",0.0,0.0,0.0
2090,"KAZ","KAZ",0.0,0.0,0.0
2090,"KEN","KEN",0.0,0.0,0.0
2090,"KGZ","KGZ",0.0,0.0,0.0
2090,"KHM","KHM",0.0,0.0,0.0
2090,"KOR","KOR",0.0,0.0,0.0
2090,"KWT","KWT",0.0,0.0,0.0
2090,"LAO","LAO",0.0,0.0,0.0
2090,"LBN","LBN",0.0,0.0,0.0
2090,"LBR","LBR",0.0,0.0,0.0
2090,"LBY","LBY",0.0,0.0,0.0
2090,"LCA","LCA",0.0,0.0,0.0
2090,"LKA","LKA",0.0,0.0,0.0
2090,"LSO","LSO",0.0,0.0,0.0
2090,"LTU","LTU",0.0,0.0,0.0
2090,"LUX","LUX",0.0,0.0,0.0
2090,"LVA","LVA",0.0,0.0,0.0
2090,"MAC","MAC",0.0,0.0,0.0
2090,"MAR","MAR",0.0,0.0,0.0
2090,"MDA","MDA",0.0,0.0,0.0
2090,"MDG","MDG",0.0,0.0,0.0
2090,"MDV","MDV",0.0,0.0,0.0
2090,"MEX","MEX",0.0,0.0,0.0
2090,"MKD","MKD",0.0,0.0,0.0
2090,"MLI","MLI",0.0,0.0,0.0
2090,"MLT","MLT",0.0,0.0,0.0
2090,"MMR","MMR",0.0,0.0,0.0
2090,"MNE","MNE",0.0,0.0,0.0
2090,"MNG","MNG",0.0,0.0,0.0
2090,"MOZ","MOZ",0.0,0.0,0.0
2090,"MRT","MRT",0.0,0.0,0.0
2090,"MUS","MUS",0.0,0.0,0.0
2090,"MWI","MWI",0.0,0.0,0.0
2090,"MYS","MYS",0.0,0.0,0.0
2090,"NAM","NAM",0.0,0.0,0.0
2090,"NCL","NCL",0.0,0.0,0.0
2090,"NER","NER",0.0,0.0,0.0
2090,"NGA","NGA",0.0,0.0,0.0
2090,"NIC","NIC",0.0,0.0,0.0
2090,"NLD","NLD",0.0,0.0,0.0
2090,"NOR","NOR",0.0,0.0,0.0
2090,"NPL","NPL",0.0,0.0,0.0
2090,"NZL","NZL",0.0,0.0,0.0
2090,"OMN","OMN",0.0,0.0,0.0
2090,"PAK","PAK",0.0,0.0,0.0
2090,"PAN","PAN",0.0,0.0,0.0
2090,"PER","PER",0.0,0.0,0.0
2090,"PHL","PHL",0.0,0.0,0.0
2090,"PNG","PNG",0.0,0.0,0.0
2090,"POL","POL",0.0,0.0,0.0
2090,"PRI","PRI",0.0,0.0,0.0
2090,"PRT","PRT",0.0,0.0,0.0
2090,"PRY","PRY",0.0,0.0,0.0
2090,"PSE","PSE",0.0,0.0,0.0
2090,"PYF","PYF",0.0,0.0,0.0
2090,"QAT","QAT",0.0,0.0,0.0
2090,"ROU","ROU",0.0,0.0,0.0
2090,"RUS","RUS",0.0,0.0,0.0
2090,"RWA","RWA",0.0,0.0,0.0
2090,"SAU","SAU",0.0,0.0,0.0
2090,"SDN","SDN",0.0,0.0,0.0
2090,"SEN","SEN",0.0,0.0,0.0
2090,"SGP","SGP",0.0,0.0,0.0
2090,"SLB","SLB",0.0,0.0,0.0
2090,"SLE","SLE",0.0,0.0,0.0
2090,"SLV","SLV",0.0,0.0,0.0
2090,"SOM","SOM",0.0,0.0,0.0
2090,"SRB","SRB",0.0,0.0,0.0
2090,"STP","STP",0.0,0.0,0.0
2090,"SUR","SUR",0.0,0.0,0.0
2090,"SVK","SVK",0.0,0.0,0.0
2090,"SVN","SVN",0.0,0.0,0.0
2090,"SWE","SWE",0.0,0.0,0.0
2090,"SWZ","SWZ",0.0,0.0,0.0
2090,"SYR","SYR",0.0,0.0,0.0
2090,"TCD","TCD",0.0,0.0,0.0
2090,"TGO","TGO",0.0,0.0,0.0
2090,"THA","THA",0.0,0.0,0.0
2090,"TJK","TJK",0.0,0.0,0.0
2090,"TKM","TKM",0.0,0.0,0.0
2090,"TLS","TLS",0.0,0.0,0.0
2090,"TON","TON",0.0,0.0,0.0
2090,"TTO","TTO",0.0,0.0,0.0
2090,"TUN","TUN",0.0,0.0,0.0
2090,"TUR","TUR",0.0,0.0,0.0
2090,"TWN","TWN",0.0,0.0,0.0
2090,"TZA","TZA",0.0,0.0,0.0
2090,"UGA","UGA",0.0,0.0,0.0
2090,"UKR","UKR",0.0,0.0,0.0
2090,"URY","URY",0.0,0.0,0.0
2090,"USA","USA",0.0,0.0,0.0
2090,"UZB","UZB",0.0,0.0,0.0
2090,"VCT","VCT",0.0,0.0,0.0
2090,"VEN","VEN",0.0,0.0,0.0
2090,"VNM","VNM",0.0,0.0,0.0
2090,"VUT","VUT",0.0,0.0,0.0
2090,"WSM","WSM",0.0,0.0,0.0
2090,"YEM","YEM",0.0,0.0,0.0
2090,"ZAF","ZAF",0.0,0.0,0.0
2090,"ZMB","ZMB",0.0,0.0,0.0
2090,"ZWE","ZWE",0.0,0.0,0.0
2100,"ABW","ABW",0.6388298495732927,0.6123449001239238,0.026484949449368904
2100,"AFG","AFG",1.364520037552124e6,1.3141857572427471e6,50334.28030937689
2100,"AGO","AGO",204017.7950248386,196628.1417407259,7389.65328411269
2100,"ALB","ALB",107.13903198277595,103.8790222537014,3.2600097290745627
2100,"ARE","ARE",22543.59524915524,21916.351164219366,627.2440849358752
2100,"ARG","ARG",890783.5382451614,859189.1782927111,31594.359952450264
2100,"ARM","ARM",325.70069934267434,314.31510242538263,11.385596917291698
2100,"AUS","AUS",97301.81621796859,94182.2852115875,3119.531006381092
2100,"AUT","AUT",0.0,0.0,0.0
2100,"AZE","AZE",0.0,0.0,0.0
2100,"BDI","BDI",0.0,0.0,0.0
2100,"BEL","BEL",0.0,0.0,0.0
2100,"BEN","BEN",0.0,0.0,0.0
2100,"BFA","BFA",0.0,0.0,0.0
2100,"BGD","BGD",0.0,0.0,0.0
2100,"BGR","BGR",0.0,0.0,0.0
2100,"BHR","BHR",0.0,0.0,0.0
2100,"BHS","BHS",0.0,0.0,0.0
2100,"BIH","BIH",0.0,0.0,0.0
2100,"BLR","BLR",0.0,0.0,0.0
2100,"BLZ","BLZ",0.0,0.0,0.0
2100,"BOL","BOL",0.0,0.0,0.0
2100,"BRA","BRA",0.0,0.0,0.0
2100,"BRB","BRB",0.0,0.0,0.0
2100,"BRN","BRN",0.0,0.0,0.0
2100,"BTN","BTN",0.0,0.0,0.0
2100,"BWA","BWA",0.0,0.0,0.0
2100,"CAF","CAF",0.0,0.0,0.0
2100,"CAN","CAN",0.0,0.0,0.0
2100,"CHE","CHE",0.0,0.0,0.0
2100,"CHL","CHL",0.0,0.0,0.0
2100,"CHN","CHN",0.0,0.0,0.0
2100,"CIV","CIV",0.0,0.0,0.0
2100,"CMR","CMR",0.0,0.0,0.0
2100,"COD","COD",0.0,0.0,0.0
2100,"COG","COG",0.0,0.0,0.0
2100,"COL","COL",0.0,0.0,0.0
2100,"COM","COM",0.0,0.0,0.0
2100,"CPV","CPV",0.0,0.0,0.0
2100,"CRI","CRI",0.0,0.0,0.0
2100,"CUB","CUB",0.0,0.0,0.0
2100,"CYP","CYP",0.0,0.0,0.0
2100,"CZE","CZE",0.0,0.0,0.0
2100,"DEU","DEU",0.0,0.0,0.0
2100,"DJI","DJI",0.0,0.0,0.0
2100,"DNK","DNK",0.0,0.0,0.0
2100,"DOM","DOM",0.0,0.0,0.0
2100,"DZA","DZA",0.0,0.0,0.0
2100,"ECU","ECU",0.0,0.0,0.0
2100,"EGY","EGY",0.0,0.0,0.0
2100,"ERI","ERI",0.0,0.0,0.0
2100,"ESP","ESP",0.0,0.0,0.0
2100,"EST","EST",0.0,0.0,0.0
2100,"ETH","ETH",0.0,0.0,0.0
2100,"FIN","FIN",0.0,0.0,0.0
2100,"FJI","FJI",0.0,0.0,0.0
2100,"FRA","FRA",0.0,0.0,0.0
2100,"GAB","GAB",0.0,0.0,0.0
2100,"GBR","GBR",0.0,0.0,0.0
2100,"GEO","GEO",0.0,0.0,0.0
2100,"GHA","GHA",0.0,0.0,0.0
2100,"GIN","GIN",0.0,0.0,0.0
2100,"GMB","GMB",0.0,0.0,0.0
2100,"GNB","GNB",0.0,0.0,0.0
2100,"GNQ","GNQ",0.0,0.0,0.0
2100,"GRC","GRC",0.0,0.0,0.0
2100,"GTM","GTM",0.0,0.0,0.0
2100,"GUY","GUY",0.0,0.0,0.0
2100,"HKG","HKG",0.0,0.0,0.0
2100,"HND","HND",0.0,0.0,0.0
2100,"HRV","HRV",0.0,0.0,0.0
2100,"HTI","HTI",0.0,0.0,0.0
2100,"HUN","HUN",0.0,0.0,0.0
2100,"IDN","IDN",0.0,0.0,0.0
2100,"IND","IND",0.0,0.0,0.0
2100,"IRL","IRL",0.0,0.0,0.0
2100,"IRN","IRN",0.0,0.0,0.0
2100,"IRQ","IRQ",0.0,0.0,0.0
2100,"ISL","ISL",0.0,0.0,0.0
2100,"ISR","ISR",0.0,0.0,0.0
2100,"ITA","ITA",0.0,0.0,0.0
2100,"JAM","JAM",0.0,0.0,0.0
2100,"JOR","JOR",0.0,0.0,0.0
2100,"JPN","JPN",0.0,0.0,0.0
2100,"KAZ","KAZ",0.0,0.0,0.0
2100,"KEN","KEN",0.0,0.0,0.0
2100,"KGZ","KGZ",0.0,0.0,0.0
2100,"KHM","KHM",0.0,0.0,0.0
2100,"KOR","KOR",0.0,0.0,0.0
2100,"KWT","KWT",0.0,0.0,0.0
2100,"LAO","LAO",0.0,0.0,0.0
2100,"LBN","LBN",0.0,0.0,0.0
2100,"LBR","LBR",0.0,0.0,0.0
2100,"LBY","LBY",0.0,0.0,0.0
2100,"LCA","LCA",0.0,0.0,0.0
2100,"LKA","LKA",0.0,0.0,0.0
2100,"LSO","LSO",0.0,0.0,0.0
2100,"LTU","LTU",0.0,0.0,0.0
2100,"LUX","LUX",0.0,0.0,0.0
2100,"LVA","LVA",0.0,0.0,0.0
2100,"MAC","MAC",0.0,0.0,0.0
2100,"MAR","MAR",0.0,0.0,0.0
2100,"MDA","MDA",0.0,0.0,0.0
2100,"MDG","MDG",0.0,0.0,0.0
2100,"MDV","MDV",0.0,0.0,0.0
2100,"MEX","MEX",0.0,0.0,0.0
2100,"MKD","MKD",0.0,0.0,0.0
2100,"MLI","MLI",0.0,0.0,0.0
2100,"MLT","MLT",0.0,0.0,0.0
2100,"MMR","MMR",0.0,0.0,0.0
2100,"MNE","MNE",0.0,0.0,0.0
2100,"MNG","MNG",0.0,0.0,0.0
2100,"MOZ","MOZ",0.0,0.0,0.0
2100,"MRT","MRT",0.0,0.0,0.0
2100,"MUS","MUS",0.0,0.0,0.0
2100,"MWI","MWI",0.0,0.0,0.0
2100,"MYS","MYS",0.0,0.0,0.0
2100,"NAM","NAM",0.0,0.0,0.0
2100,"NCL","NCL",0.0,0.0,0.0
2100,"NER","NER",0.0,0.0,0.0
2100,"NGA","NGA",0.0,0.0,0.0
2100,"NIC","NIC",0.0,0.0,0.0
2100,"NLD","NLD",0.0,0.0,0.0
2100,"NOR","NOR",0.0,0.0,0.0
2100,"NPL","NPL",0.0,0.0,0.0
2100,"NZL","NZL",0.0,0.0,0.0
2100,"OMN","OMN",0.0,0.0,0.0
2100,"PAK","PAK",0.0,0.0,0.0
2100,"PAN","PAN",0.0,0.0,0.0
2100,"PER","PER",0.0,0.0,0.0
2100,"PHL","PHL",0.0,0.0,0.0
2100,"PNG","PNG",0.0,0.0,0.0
2100,"POL","POL",0.0,0.0,0.0
2100,"PRI","PRI",0.0,0.0,0.0
2100,"PRT","PRT",0.0,0.0,0.0
2100,"PRY","PRY",0.0,0.0,0.0
2100,"PSE","PSE",0.0,0.0,0.0
2100,"PYF","PYF",0.0,0.0,0.0
2100,"QAT","QAT",0.0,0.0,0.0
2100,"ROU","ROU",0.0,0.0,0.0
2100,"RUS","RUS",0.0,0.0,0.0
2100,"RWA","RWA",0.0,0.0,0.0
2100,"SAU","SAU",0.0,0.0,0.0
2100,"SDN","SDN",0.0,0.0,0.0
2100,"SEN","SEN",0.0,0.0,0.0
2100,"SGP","SGP",0.0,0.0,0.0
2100,"SLB","SLB",0.0,0.0,0.0
2100,"SLE","SLE",0.0,0.0,0.0
2100,"SLV","SLV",0.0,0.0,0.0
2100,"SOM","SOM",0.0,0.0,0.0
2100,"SRB","SRB",0.0,0.0,0.0
2100,"STP","STP",0.0,0.0,0.0
2100,"SUR","SUR",0.0,0.0,0.0
2100,"SVK","SVK",0.0,0.0,0.0
2100,"SVN","SVN",0.0,0.0,0.0
2100,"SWE","SWE",0.0,0.0,0.0
2100,"SWZ","SWZ",0.0,0.0,0.0
2100,"SYR","SYR",0.0,0.0,0.0
2100,"TCD","TCD",0.0,0.0,0.0
2100,"TGO","TGO",0.0,0.0,0.0
2100,"THA","THA",0.0,0.0,0.0
2100,"TJK","TJK",0.0,0.0,0.0
2100,"TKM","TKM",0.0,0.0,0.0
2100,"TLS","TLS",0.0,0.0,0.0
2100,"TON","TON",0.0,0.0,0.0
2100,"TTO","TTO",0.0,0.0,0.0
2100,"TUN","TUN",0.0,0.0,0.0
2100,"TUR","TUR",0.0,0.0,0.0
2100,"TWN","TWN",0.0,0.0,0.0
2100,"TZA","TZA",0.0,0.0,0.0
2100,"UGA","UGA",0.0,0.0,0.0
2100,"UKR","UKR",0.0,0.0,0.0
2100,"URY","URY",0.0,0.0,0.0
2100,"USA","USA",0.0,0.0,0.0
2100,"UZB","UZB",0.0,0.0,0.0
2100,"VCT","VCT",0.0,0.0,0.0
2100,"VEN","VEN",0.0,0.0,0.0
2100,"VNM","VNM",0.0,0.0,0.0
2100,"VUT","VUT",0.0,0.0,0.0
2100,"WSM","WSM",0.0,0.0,0.0
2100,"YEM","YEM",0.0,0.0,0.0
2100,"ZAF","ZAF",0.0,0.0,0.0
2100,"ZMB","ZMB",0.0,0.0,0.0
2100,"ZWE","ZWE",0.0,0.0,0.0
