"impact_region_id","give_country_id","n_years_clipped_lower","n_years_clipped_upper","n_years_extrapolated"
"ABW_IR1","ABW",0,0,0
"ABW_IR2","ABW",0,0,0
"ABW_IR3","ABW",0,0,0
"AFG_IR1","AFG",0,0,0
"AFG_IR2","AFG",0,0,0
"AFG_IR3","AFG",0,0,0
"AGO_IR1","AGO",0,0,0
"AGO_IR2","AGO",0,0,0
"AGO_IR3","AGO",0,0,0
"ALB_IR1","ALB",0,0,0
"ALB_IR2","ALB",0,0,0
"ALB_IR3","ALB",0,0,0
"ALB_IR4","ALB",0,0,0
"ARE_IR1","ARE",0,0,0
"ARE_IR2","ARE",0,0,0
"ARE_IR3","ARE",0,0,0
"ARE_IR4","ARE",0,0,0
"ARG_IR1","ARG",0,0,0
"ARG_IR2","ARG",0,0,0
"ARM_IR1","ARM",0,0,0
"ARM_IR2","ARM",0,0,0
"ARM_IR3","ARM",0,0,0
"AUS_IR1","AUS",0,0,0
"AUS_IR2","AUS",0,0,0
"AUS_IR3","AUS",0,0,0
"AUS_IR4","AUS",0,0,0
