"year","impact_region_id","give_country_id","gmst","delta_gmst","forest_change","baseline_forest_area","projected_forest_area","population_ir","gdp_ir","gdppc_ir","es_value_reference","es_value_climate","es_damage"
2030,"ABW_IR1","ABW",1.8772797999612878,0.15804675450917105,-0.5409986056056849,2.993,2.976807911734222,0.0317126367454277,0.26072607600000003,8221.519960417396,0.024747055835378586,0.02461317460838073,0.0001338812269978569
2030,"ABW_IR2","ABW",1.8772797999612878,0.15804675450917105,-0.5133444892327107,2.055,2.044450770746268,0.0203212547499611,0.021679216,1066.8246752844582,0.0009053279301422143,0.0009006804791033447,4.647451038869541e-6
2030,"ABW_IR3","ABW",1.8772797999612878,0.15804675450917105,-0.4768629501780993,1.989,1.9795151959209576,0.056017082604611204,0.159594708,2849.0364113832397,0.01778171955323537,0.01769692512078141,8.479443245395721e-5
2030,"AFG_IR1","AFG",1.8772797999612878,0.15804675450917105,-0.3500258861449884,4.275,4.260036393367302,14.12778381642204,23.188676512,1641.352728305882,1400.5097024083,1395.6075559118988,4.902146496401201
2030,"AFG_IR2","AFG",1.8772797999612878,0.15804675450917105,-0.38053662736802296,8.179,8.14787590924757,9.57322339327221,19.013589808000003,1986.1220225323705,1488.7525622706864,1483.0873134803667,5.665248790319765
2030,"AFG_IR3","AFG",1.8772797999612878,0.15804675450917105,-0.47800288682319747,9.701,9.654628939949284,27.55272520030575,59.693733679999994,2166.5273850783215,15955.477615613445,15879.209972004384,76.26764360906054
2030,"AGO_IR1","AGO",1.8772797999612878,0.15804675450917105,-0.42707867899978963,5.317,5.294292226637581,6.06468321285072,7.550367543999999,1244.9731138472655,243.4685526472476,242.42875036882185,1.0398022784257535
2030,"AGO_IR2","AGO",1.8772797999612878,0.15804675450917105,-0.36685560442111015,5.47,5.449932998438165,5.48654769136672,191.899568296,34976.37842426138,5759.17774974553,5738.049883402014,21.12786634351596
2030,"AGO_IR3","AGO",1.8772797999612878,0.15804675450917105,-0.5404894865023857,8.744,8.696739599300232,30.04125265578256,18.99606416,632.3326253289074,4989.899681962764,4962.929798794738,26.969883168025262
2030,"ALB_IR1","ALB",1.8772797999612878,0.15804675450917105,-0.40633322719278964,1.549,1.5427058983107835,1.2105011638086731,4.371185338,3611.054221746202,8.19626233031336,8.16295819307741,0.03330413723594994
2030,"ALB_IR2","ALB",1.8772797999612878,0.15804675450917105,-0.4543126783285889,2.262,2.2517234472162073,0.7500558836117059,9.307649904,12409.275238508026,15.79160463033666,15.719861368389514,0.07174326194714631
2030,"ALB_IR3","ALB",1.8772797999612878,0.15804675450917105,-0.32265201421968476,4.179,4.16551637232576,0.075849813693834,6.804956998999999,89716.19925749651,2.1570105772566044,2.1500509391821545,0.006959638074449881
2030,"ALB_IR4","ALB",1.8772797999612878,0.15804675450917105,-0.35480226762003525,8.106,8.07723972818672,0.681639927885787,18.587207758999998,27268.36706390005,102.70126064492615,102.33687424328357,0.36438640164257663
2030,"ARE_IR1","ARE",1.8772797999612878,0.15804675450917105,-0.3564871724297804,3.906,3.892075611044893,3.1424599560902005,200.459644042,63790.67572635317,2460.5315948601988,2451.7601153509404,8.77147950925837
2030,"ARE_IR2","ARE",1.8772797999612878,0.15804675450917105,-0.5413551130968435,1.227,1.220357572762302,0.44096158942345,227.73397175899996,516448.5461347289,123.21771320519566,122.55066781451833,0.6670453906773304
2030,"ARE_IR3","ARE",1.8772797999612878,0.15804675450917105,-0.3379652882332281,7.41,7.384956772141917,3.7664295061751,79.392109286,21078.878326498827,2215.77364182451,2208.2850960493215,7.488545775188413
2030,"ARE_IR4","ARE",1.8772797999612878,0.15804675450917105,-0.34685586397580254,1.477,1.4718769388890776,4.43962009831125,262.898045396,59216.338239391596,1723.9063179588609,1717.926847805571,5.979470153289867
2030,"ARG_IR1","ARG",1.8772797999612878,0.15804675450917105,-0.358687130739855,6.32,6.297330973337242,22.790739796063363,546.47265147,23977.83733042277,78712.54115360719,78430.20939821089,282.33175539629883
2030,"ARG_IR2","ARG",1.8772797999612878,0.15804675450917105,-0.4943289211383884,9.884,9.835140529434682,26.26886988393664,651.74834853,24810.673295410503,169220.9253085574,168384.41733413923,836.5079744181712
2030,"ARM_IR1","ARM",1.8772797999612878,0.15804675450917105,-0.3737728568114249,8.626,8.593758353371445,0.9831779578582499,12.110767675,12317.98127511121,102.7101255804998,102.32622300988297,0.38390257061683997
2030,"ARM_IR2","ARM",1.8772797999612878,0.15804675450917105,-0.5173147452376032,8.966,8.919617559941996,0.780853659309108,14.058930775,18004.565397617796,98.42845697827416,97.91927205681569,0.5091849214584698
2030,"ARM_IR3","ARM",1.8772797999612878,0.15804675450917105,-0.41164959818219427,2.453,2.442902235356591,0.994798148832642,2.8053015500000003,2819.970617448289,6.845608659067058,6.817428738528883,0.028179920538175196
2030,"AUS_IR1","AUS",1.8772797999612878,0.15804675450917105,-0.5394812483589481,7.118,7.07959972474181,4.23947868363528,3.979363147,938.6444522909512,120.08368683091788,119.43585785812698,0.6478289727909043
2030,"AUS_IR2","AUS",1.8772797999612878,0.15804675450917105,-0.3571384465899803,1.73,1.7238215048739933,11.098721571492,450.432911398,40584.21580328448,8648.666983520265,8617.77926860458,30.887714915685137
2030,"AUS_IR3","AUS",1.8772797999612878,0.15804675450917105,-0.4414831734842596,3.202,3.187863708785034,9.71903566579446,308.470243284,31738.770582933634,9599.702614795793,9557.321543046943,42.381071748850445
2030,"AUS_IR4","AUS",1.8772797999612878,0.15804675450917105,-0.42925000659661944,1.399,1.3929947924077133,2.67570153907826,672.156482171,251207.57018458346,2516.087697251077,2505.28739064465,10.800306606427057
2050,"ABW_IR1","ABW",2.299883175960586,0.5806501305084693,-2.0342052618865414,2.993,2.9321162365117357,0.0316711693173899,0.671871042,21213.963882005814,0.06368787200118511,0.062392329957753435,0.0012955420434316786
2050,"ABW_IR2","ABW",2.299883175960586,0.5806501305084693,-1.8891733330932647,2.055,2.0161774880049337,0.020294682687355698,0.055865672000000005,2752.7245860713206,0.0023299098574613587,0.0022858938217490874,4.401603571227127e-5
2050,"ABW_IR3","ABW",2.299883175960586,0.5806501305084693,-1.7787002400978935,1.989,1.953621652224453,0.055943834695254394,0.411263286,7351.360310573895,0.045762206478251945,0.04494823400174918,0.0008139724765027639
2050,"AFG_IR1","AFG",2.299883175960586,0.5806501305084693,-1.3087856625061662,4.275,4.219049412927862,21.322413278283918,71.542037212,3355.2504718057826,6521.293979974797,6435.944219355009,85.34976061978796
2050,"AFG_IR2","AFG",2.299883175960586,0.5806501305084693,-1.414744873864847,8.179,8.063288016766593,14.44842505017758,58.660999858000004,4060.0272800860757,6932.185550241531,6834.112810522689,98.07273971884206
2050,"AFG_IR3","AFG",2.299883175960586,0.5806501305084693,-1.786323654787269,9.701,9.527708742249088,41.5840588515385,184.16796293,4428.81161715137,74294.63711918514,72967.49444208677,1327.1426770983671
2050,"AGO_IR1","AGO",2.299883175960586,0.5806501305084693,-1.6004594355033308,5.317,5.231903571814288,8.618343002166,11.227043916,1302.6917022423418,514.4650262141495,506.23122215974047,8.233804054409006
2050,"AGO_IR2","AGO",2.299883175960586,0.5806501305084693,-1.3900019861246629,5.47,5.39396689135898,7.796771610716,285.34569584400003,36597.92925726035,12169.520456662865,12000.363880613404,169.15657604946136
2050,"AGO_IR3","AGO",2.299883175960586,0.5806501305084693,-2.0149124881723846,8.744,8.567816052034207,42.690740887118,28.24626024,661.6483961870841,10543.98542552789,10331.533346437853,212.45207909003693
2050,"ALB_IR1","ALB",2.299883175960586,0.5806501305084693,-1.526941668460359,1.549,1.525347673555549,0.9719484404010039,6.51185899,6699.798795204975,9.803917152445282,9.654217056303262,0.14970009614201985
2050,"ALB_IR2","ALB",2.299883175960586,0.5806501305084693,-1.7010055670989066,2.262,2.2235232540722225,0.6022428297352879,13.86582792,23023.64965655903,18.88904689243552,18.56774315322327,0.32130373921225086
2050,"ALB_IR3","ALB",2.299883175960586,0.5806501305084693,-1.2234302722148052,4.179,4.127872848924143,0.060902137336631995,10.137506644999998,166455.6793625434,2.5800971399073585,2.5485314504451835,0.03156568946217497
2050,"ALB_IR4","ALB",2.299883175960586,0.5806501305084693,-1.3437559897440516,8.106,7.997075139471347,0.5473095645270759,27.689806445,50592.58642579442,122.84558622418446,121.19484130116078,1.6507449230236801
2050,"ARE_IR1","ARE",2.299883175960586,0.5806501305084693,-1.3121569399066846,3.906,3.854747149927245,3.89860063302088,312.497072792,80156.2155777566,4758.68482235067,4696.243409205909,62.4414131447611
2050,"ARE_IR2","ARE",2.299883175960586,0.5806501305084693,-2.0234911890627107,1.227,1.2021717631102007,0.5470660424271799,355.01509488399995,648943.7606269559,238.30389453204228,233.4818362229931,4.822058309049169
2050,"ARE_IR3","ARE",2.299883175960586,0.5806501305084693,-1.2733099164706136,7.41,7.315647735189528,4.672710125882439,123.764570536,26486.67843752176,4285.321278190724,4230.755857402896,54.56542078782786
2050,"ARE_IR4","ARE",2.299883175960586,0.5806501305084693,-1.289286964178635,1.477,1.4579572315390816,5.5078842586695,409.832462896,74408.32879719957,3334.046531880183,3291.0611045650016,42.98542731518137
2050,"ARG_IR1","ARG",2.299883175960586,0.5806501305084693,-1.3604824884863413,6.32,6.234017506727664,25.399124399572,871.7130430599999,34320.5942593316,139929.52749531373,138025.81077751832,1903.7167177954107
2050,"ARG_IR2","ARG",2.299883175960586,0.5806501305084693,-1.8188210082841294,9.884,9.704227731541197,29.275324100428,1039.64495694,35512.67112785953,300828.86124254,295357.3227152788,5471.538527261233
2050,"ARM_IR1","ARM",2.299883175960586,0.5806501305084693,-1.3793438224819836,8.626,8.507017801872705,0.865329660838625,18.234490098,21072.30449067034,136.10831810921513,134.23091643149158,1.8774016777235545
2050,"ARM_IR2","ARM",2.299883175960586,0.5806501305084693,-1.9287889508219103,8.966,8.793064782669306,0.687256896652242,21.167727833999997,30800.31344481517,130.43438178739436,127.91857784340624,2.515803943988118
2050,"ARM_IR3","ARM",2.299883175960586,0.5806501305084693,-1.556779714094587,2.453,2.4148121936132596,0.875557001509133,4.223782068,4824.10860825712,9.071591293978464,8.930366600968236,0.1412246930102281
2050,"AUS_IR1","AUS",2.299883175960586,0.5806501305084693,-1.9935406094926431,7.118,6.976099779416314,4.971536737874881,5.910194727999999,1188.8064072772706,209.1464160534781,204.9769973161536,4.16941873732452
2050,"AUS_IR2","AUS",2.299883175960586,0.5806501305084693,-1.3395789048946523,1.73,1.7068252849453225,13.015209216432,668.988006352,51400.480409288175,15063.142638102183,14861.359956907974,201.78268119420864
2050,"AUS_IR3","AUS",2.299883175960586,0.5806501305084693,-1.62565183286003,3.202,3.1499466283118216,11.39728407073416,458.143461216,40197.59956605946,16719.534934755273,16447.733508642752,271.80142611252086
2050,"AUS_IR4","AUS",2.299883175960586,0.5806501305084693,-1.611135937384087,1.399,1.3764602082359967,3.13773213495896,998.2943377039999,318157.92259050085,4382.199932762416,4311.59673479766,70.60319796475596
2100,"ABW_IR1","ABW",2.9332561508627424,1.2140231054106256,-4.399212295747716,2.993,2.8613315759882707,0.032718959418630504,3.7168212780000003,113598.39506031493,0.3639803000116248,0.347968033899414,0.016012266112210793
2100,"ABW_IR2","ABW",2.9332561508627424,1.2140231054106256,-3.959879077469012,2.055,1.973624484958012,0.0209660998811615,0.309051448,14740.53113129016,0.013315585248366388,0.012788304174073778,0.0005272810742926095
2100,"ABW_IR3","ABW",2.9332561508627424,1.2140231054106256,-3.8027191951832005,1.989,1.9133639152078061,0.05779464720020801,2.275127274,39365.709182697654,0.2615339643133015,0.251588562050436,0.0099454022628655
2100,"AFG_IR1","AFG",2.9332561508627424,1.2140231054106256,-2.8079190772471665,4.275,4.154961459447684,29.8604075425636,794.408792744,26604.084073924125,101408.85806127838,98561.37938975723,2847.478671521152
2100,"AFG_IR2","AFG",2.9332561508627424,1.2140231054106256,-3.010235326501288,8.179,7.93279285264546,20.2339132402939,651.376671596,32192.32304994003,107798.39441030768,104553.4090603674,3244.9853499402816
2100,"AFG_IR3","AFG",2.9332561508627424,1.2140231054106256,-3.8294232401168458,9.701,9.329507651476264,58.2352911171425,2045.01653566,35116.447371171744,1.155312785080538e6,1.1110709687926224e6,44241.816287915455
2100,"AGO_IR1","AGO",2.9332561508627424,1.2140231054106256,-3.444663037571568,5.317,5.13384726629232,11.25732333889464,75.493721008,6706.187495491513,4518.69087831634,4363.037203848859,155.65367446748132
2100,"AGO_IR2","AGO",2.9332561508627424,1.2140231054106256,-3.038471565092963,5.47,5.303795605389415,10.18418262063664,1918.742681872,188404.19043389606,106888.31753184425,103640.54639723289,3247.7711346113647
2100,"AGO_IR3","AGO",2.9332561508627424,1.2140231054106256,-4.30428098145757,8.744,8.36763367098135,55.76286226046873,189.93559711999998,3406.130700981765,92610.78661467799,88624.55813964414,3986.228475033844
2100,"ALB_IR1","ALB",2.9332561508627424,1.2140231054106256,-3.299410337657134,1.549,1.497892133869691,0.3886421235906781,11.321158576,29130.03477699077,6.815412742138876,6.590544309570744,0.22486843256813227
2100,"ALB_IR2","ALB",2.9332561508627424,1.2140231054106256,-3.6564227159031373,2.262,2.179291718166271,0.24081208687264818,24.106363008,100104.4562217032,13.131144304443092,12.651014161237413,0.48013014320567926
2100,"ALB_IR3","ALB",2.9332561508627424,1.2140231054106256,-2.677131679186215,4.179,4.067122667126808,0.024352254710089803,17.624509447999998,723732.1413486071,1.793612354108357,1.7455949895747247,0.04801736453363237
2100,"ALB_IR4","ALB",2.9332561508627424,1.2140231054106256,-2.935629015383399,8.106,7.868037912013022,0.2188465381265839,48.139968968,219971.35243763906,85.39886258208563,82.89186879331851,2.5069937887671188
2100,"ARE_IR1","ARE",2.9332561508627424,1.2140231054106256,-2.7511466006002587,3.906,3.7985402137805537,4.50872774691432,482.825185372,107086.79088073917,8503.078073624742,8269.145930255829,233.93214336891288
2100,"ARE_IR2","ARE",2.9332561508627424,1.2140231054106256,-4.33913377387875,1.227,1.173758828594508,0.6326813328850199,548.5178707939999,866973.3755108033,425.8144206015817,407.3377632632124,18.47665733836925
2100,"ARE_IR3","ARE",2.9332561508627424,1.2140231054106256,-2.7614278582204457,7.41,7.205378195705865,5.403984603965159,191.223076676,35385.57022084974,7657.246226494453,7445.796896023501,211.4493304709522
2100,"ARE_IR4","ARE",2.9332561508627424,1.2140231054106256,-2.742545463450939,1.477,1.4364926035048298,6.369862656235499,633.2137229360001,99407.75132979407,5957.4565284344635,5794.070574676823,163.3859537576409
2100,"ARG_IR1","ARG",2.9332561508627424,1.2140231054106256,-2.978290067812552,6.32,6.131772067714247,25.97886878539392,1722.4382007899999,66301.50893092023,282801.0147786079,274378.38024378347,8422.634534824407
2100,"ARG_IR2","ARG",2.9332561508627424,1.2140231054106256,-3.811248600618795,9.884,9.507296188314838,29.94354417460608,2054.2587992100002,68604.3972360538,607982.5234665535,584810.7980489277,23171.725417625858
2100,"ARM_IR1","ARM",2.9332561508627424,1.2140231054106256,-2.903154854386259,8.626,8.37557386226064,0.588584899798125,31.679845561999997,53823.7484054818,160.8428002881456,156.17328472364952,4.669515564496095
2100,"ARM_IR2","ARM",2.9332561508627424,1.2140231054106256,-4.121138199665735,8.966,8.59649874901797,0.46746234407313003,36.775930945999995,78671.42971466115,154.13775963129186,147.78552953901774,6.352230092274112
2100,"ARM_IR3","ARM",2.9332561508627424,1.2140231054106256,-3.394090749722997,2.453,2.3697429539092947,0.5955413911287449,7.338223492,12321.936982569214,10.720139423236843,10.356288162715352,0.36385126052149097
2100,"AUS_IR1","AUS",2.9332561508627424,1.2140231054106256,-4.204233745750721,7.118,6.818742641977464,6.672079097454,11.780422206999999,1765.6298786228858,559.4741506000012,535.9525495617237,23.52160103827748
2100,"AUS_IR2","AUS",2.9332561508627424,1.2140231054106256,-2.8869112375833588,1.73,1.680056435589808,17.4671354031,1333.452031438,76340.6248743766,40294.4458329327,39131.18094805983,1163.2648848728713
2100,"AUS_IR3","AUS",2.9332561508627424,1.2140231054106256,-3.4104462687081187,3.202,3.092797510475966,15.2957897779905,913.1887616040001,59701.968637017395,44725.35452702869,43200.02034239516,1525.3341846335315
2100,"AUS_IR4","AUS",2.9332561508627424,1.2140231054106256,-3.475443687941675,1.399,1.350378542805696,4.211011221455499,1989.837784751,472532.05467907304,11722.541707407196,11315.131371570784,407.41033583641183
